-- Auto-generated by import/generate_sql.py. Do not edit by hand.
-- Idempotent: safe to re-run. Apply schema/schema.sql first.
begin;
set constraints all deferred;

-- brands
insert into brand (id, name, kind, aliases) values ('al_haramain', 'Al Haramain', 'clone', '{}') on conflict (id) do update set name=excluded.name, kind=excluded.kind, aliases=excluded.aliases;
insert into brand (id, name, kind, aliases) values ('armaf', 'Armaf', 'clone', array['armaf']::text[]) on conflict (id) do update set name=excluded.name, kind=excluded.kind, aliases=excluded.aliases;
insert into brand (id, name, kind, aliases) values ('by_kilian', 'By Kilian', 'original', '{}') on conflict (id) do update set name=excluded.name, kind=excluded.kind, aliases=excluded.aliases;
insert into brand (id, name, kind, aliases) values ('chanel', 'Chanel', 'original', '{}') on conflict (id) do update set name=excluded.name, kind=excluded.kind, aliases=excluded.aliases;
insert into brand (id, name, kind, aliases) values ('creed', 'Creed', 'original', '{}') on conflict (id) do update set name=excluded.name, kind=excluded.kind, aliases=excluded.aliases;
insert into brand (id, name, kind, aliases) values ('dior', 'Dior', 'original', '{}') on conflict (id) do update set name=excluded.name, kind=excluded.kind, aliases=excluded.aliases;
insert into brand (id, name, kind, aliases) values ('fragrance_world', 'Fragrance World', 'clone', array['FRAGRANCE WORLD']::text[]) on conflict (id) do update set name=excluded.name, kind=excluded.kind, aliases=excluded.aliases;
insert into brand (id, name, kind, aliases) values ('initio', 'Initio', 'original', '{}') on conflict (id) do update set name=excluded.name, kind=excluded.kind, aliases=excluded.aliases;
insert into brand (id, name, kind, aliases) values ('lattafa', 'Lattafa', 'clone', array['lattafa']::text[]) on conflict (id) do update set name=excluded.name, kind=excluded.kind, aliases=excluded.aliases;
insert into brand (id, name, kind, aliases) values ('louis_vuitton', 'Louis Vuitton', 'original', '{}') on conflict (id) do update set name=excluded.name, kind=excluded.kind, aliases=excluded.aliases;
insert into brand (id, name, kind, aliases) values ('maison_alhambra', 'Maison Alhambra', 'clone', array['maison alhambra']::text[]) on conflict (id) do update set name=excluded.name, kind=excluded.kind, aliases=excluded.aliases;
insert into brand (id, name, kind, aliases) values ('maison_francis_kurkdjian', 'Maison Francis Kurkdjian', 'original', array['MFK']::text[]) on conflict (id) do update set name=excluded.name, kind=excluded.kind, aliases=excluded.aliases;
insert into brand (id, name, kind, aliases) values ('parfums_de_marly', 'Parfums de Marly', 'original', '{}') on conflict (id) do update set name=excluded.name, kind=excluded.kind, aliases=excluded.aliases;
insert into brand (id, name, kind, aliases) values ('yves_saint_laurent', 'Yves Saint Laurent', 'original', '{}') on conflict (id) do update set name=excluded.name, kind=excluded.kind, aliases=excluded.aliases;

-- notes
insert into note (id, name, aliases) values ('amber', 'Amber', '{}') on conflict (id) do update set name=excluded.name, aliases=excluded.aliases;
insert into note (id, name, aliases) values ('ambergris', 'Ambergris', '{}') on conflict (id) do update set name=excluded.name, aliases=excluded.aliases;
insert into note (id, name, aliases) values ('amberwood', 'Amberwood', '{}') on conflict (id) do update set name=excluded.name, aliases=excluded.aliases;
insert into note (id, name, aliases) values ('ambroxan', 'Ambroxan', '{}') on conflict (id) do update set name=excluded.name, aliases=excluded.aliases;
insert into note (id, name, aliases) values ('apple', 'Apple', '{}') on conflict (id) do update set name=excluded.name, aliases=excluded.aliases;
insert into note (id, name, aliases) values ('benzoin', 'Benzoin', '{}') on conflict (id) do update set name=excluded.name, aliases=excluded.aliases;
insert into note (id, name, aliases) values ('bergamot', 'Bergamot', '{}') on conflict (id) do update set name=excluded.name, aliases=excluded.aliases;
insert into note (id, name, aliases) values ('birch', 'Birch', '{}') on conflict (id) do update set name=excluded.name, aliases=excluded.aliases;
insert into note (id, name, aliases) values ('black_tea', 'Black Tea', '{}') on conflict (id) do update set name=excluded.name, aliases=excluded.aliases;
insert into note (id, name, aliases) values ('blackcurrant', 'Blackcurrant', '{}') on conflict (id) do update set name=excluded.name, aliases=excluded.aliases;
insert into note (id, name, aliases) values ('cardamom', 'Cardamom', '{}') on conflict (id) do update set name=excluded.name, aliases=excluded.aliases;
insert into note (id, name, aliases) values ('cedar', 'Cedar', '{}') on conflict (id) do update set name=excluded.name, aliases=excluded.aliases;
insert into note (id, name, aliases) values ('cinnamon', 'Cinnamon', '{}') on conflict (id) do update set name=excluded.name, aliases=excluded.aliases;
insert into note (id, name, aliases) values ('cistus', 'Cistus', '{}') on conflict (id) do update set name=excluded.name, aliases=excluded.aliases;
insert into note (id, name, aliases) values ('citron', 'Citron', '{}') on conflict (id) do update set name=excluded.name, aliases=excluded.aliases;
insert into note (id, name, aliases) values ('cognac', 'Cognac', '{}') on conflict (id) do update set name=excluded.name, aliases=excluded.aliases;
insert into note (id, name, aliases) values ('dates', 'Dates', '{}') on conflict (id) do update set name=excluded.name, aliases=excluded.aliases;
insert into note (id, name, aliases) values ('fir_resin', 'Fir Resin', '{}') on conflict (id) do update set name=excluded.name, aliases=excluded.aliases;
insert into note (id, name, aliases) values ('galbanum', 'Galbanum', '{}') on conflict (id) do update set name=excluded.name, aliases=excluded.aliases;
insert into note (id, name, aliases) values ('geranium', 'Geranium', '{}') on conflict (id) do update set name=excluded.name, aliases=excluded.aliases;
insert into note (id, name, aliases) values ('ginger', 'Ginger', '{}') on conflict (id) do update set name=excluded.name, aliases=excluded.aliases;
insert into note (id, name, aliases) values ('grapefruit', 'Grapefruit', '{}') on conflict (id) do update set name=excluded.name, aliases=excluded.aliases;
insert into note (id, name, aliases) values ('green_tea', 'Green Tea', '{}') on conflict (id) do update set name=excluded.name, aliases=excluded.aliases;
insert into note (id, name, aliases) values ('guaiac_wood', 'Guaiac Wood', '{}') on conflict (id) do update set name=excluded.name, aliases=excluded.aliases;
insert into note (id, name, aliases) values ('incense', 'Incense', '{}') on conflict (id) do update set name=excluded.name, aliases=excluded.aliases;
insert into note (id, name, aliases) values ('jasmine', 'Jasmine', '{}') on conflict (id) do update set name=excluded.name, aliases=excluded.aliases;
insert into note (id, name, aliases) values ('juniper', 'Juniper', '{}') on conflict (id) do update set name=excluded.name, aliases=excluded.aliases;
insert into note (id, name, aliases) values ('labdanum', 'Labdanum', '{}') on conflict (id) do update set name=excluded.name, aliases=excluded.aliases;
insert into note (id, name, aliases) values ('lavender', 'Lavender', '{}') on conflict (id) do update set name=excluded.name, aliases=excluded.aliases;
insert into note (id, name, aliases) values ('lemon', 'Lemon', '{}') on conflict (id) do update set name=excluded.name, aliases=excluded.aliases;
insert into note (id, name, aliases) values ('licorice', 'Licorice', '{}') on conflict (id) do update set name=excluded.name, aliases=excluded.aliases;
insert into note (id, name, aliases) values ('mahogany', 'Mahogany', '{}') on conflict (id) do update set name=excluded.name, aliases=excluded.aliases;
insert into note (id, name, aliases) values ('mandarin_orange', 'Mandarin Orange', '{}') on conflict (id) do update set name=excluded.name, aliases=excluded.aliases;
insert into note (id, name, aliases) values ('mint', 'Mint', '{}') on conflict (id) do update set name=excluded.name, aliases=excluded.aliases;
insert into note (id, name, aliases) values ('musk', 'Musk', '{}') on conflict (id) do update set name=excluded.name, aliases=excluded.aliases;
insert into note (id, name, aliases) values ('myrrh', 'Myrrh', '{}') on conflict (id) do update set name=excluded.name, aliases=excluded.aliases;
insert into note (id, name, aliases) values ('neroli', 'Neroli', '{}') on conflict (id) do update set name=excluded.name, aliases=excluded.aliases;
insert into note (id, name, aliases) values ('nutmeg', 'Nutmeg', '{}') on conflict (id) do update set name=excluded.name, aliases=excluded.aliases;
insert into note (id, name, aliases) values ('oak', 'Oak', '{}') on conflict (id) do update set name=excluded.name, aliases=excluded.aliases;
insert into note (id, name, aliases) values ('oakmoss', 'Oakmoss', '{}') on conflict (id) do update set name=excluded.name, aliases=excluded.aliases;
insert into note (id, name, aliases) values ('olibanum', 'Olibanum', '{}') on conflict (id) do update set name=excluded.name, aliases=excluded.aliases;
insert into note (id, name, aliases) values ('orange', 'Orange', '{}') on conflict (id) do update set name=excluded.name, aliases=excluded.aliases;
insert into note (id, name, aliases) values ('oud', 'Oud', '{}') on conflict (id) do update set name=excluded.name, aliases=excluded.aliases;
insert into note (id, name, aliases) values ('patchouli', 'Patchouli', '{}') on conflict (id) do update set name=excluded.name, aliases=excluded.aliases;
insert into note (id, name, aliases) values ('pepper', 'Pepper', '{}') on conflict (id) do update set name=excluded.name, aliases=excluded.aliases;
insert into note (id, name, aliases) values ('petitgrain', 'Petitgrain', '{}') on conflict (id) do update set name=excluded.name, aliases=excluded.aliases;
insert into note (id, name, aliases) values ('pineapple', 'Pineapple', '{}') on conflict (id) do update set name=excluded.name, aliases=excluded.aliases;
insert into note (id, name, aliases) values ('pink_pepper', 'Pink Pepper', '{}') on conflict (id) do update set name=excluded.name, aliases=excluded.aliases;
insert into note (id, name, aliases) values ('praline', 'Praline', '{}') on conflict (id) do update set name=excluded.name, aliases=excluded.aliases;
insert into note (id, name, aliases) values ('raspberry', 'Raspberry', '{}') on conflict (id) do update set name=excluded.name, aliases=excluded.aliases;
insert into note (id, name, aliases) values ('rose', 'Rose', '{}') on conflict (id) do update set name=excluded.name, aliases=excluded.aliases;
insert into note (id, name, aliases) values ('saffron', 'Saffron', '{}') on conflict (id) do update set name=excluded.name, aliases=excluded.aliases;
insert into note (id, name, aliases) values ('sage', 'Sage', '{}') on conflict (id) do update set name=excluded.name, aliases=excluded.aliases;
insert into note (id, name, aliases) values ('sandalwood', 'Sandalwood', '{}') on conflict (id) do update set name=excluded.name, aliases=excluded.aliases;
insert into note (id, name, aliases) values ('sichuan_pepper', 'Sichuan Pepper', '{}') on conflict (id) do update set name=excluded.name, aliases=excluded.aliases;
insert into note (id, name, aliases) values ('star_anise', 'Star Anise', '{}') on conflict (id) do update set name=excluded.name, aliases=excluded.aliases;
insert into note (id, name, aliases) values ('tobacco_leaf', 'Tobacco Leaf', '{}') on conflict (id) do update set name=excluded.name, aliases=excluded.aliases;
insert into note (id, name, aliases) values ('tonka_bean', 'Tonka Bean', '{}') on conflict (id) do update set name=excluded.name, aliases=excluded.aliases;
insert into note (id, name, aliases) values ('tuberose', 'Tuberose', '{}') on conflict (id) do update set name=excluded.name, aliases=excluded.aliases;
insert into note (id, name, aliases) values ('vanilla', 'Vanilla', '{}') on conflict (id) do update set name=excluded.name, aliases=excluded.aliases;
insert into note (id, name, aliases) values ('vetiver', 'Vetiver', '{}') on conflict (id) do update set name=excluded.name, aliases=excluded.aliases;
insert into note (id, name, aliases) values ('violet', 'Violet', '{}') on conflict (id) do update set name=excluded.name, aliases=excluded.aliases;

-- accords
insert into accord (id, name) values ('amber', 'Amber') on conflict (id) do update set name=excluded.name;
insert into accord (id, name) values ('aromatic', 'Aromatic') on conflict (id) do update set name=excluded.name;
insert into accord (id, name) values ('boozy', 'Boozy') on conflict (id) do update set name=excluded.name;
insert into accord (id, name) values ('chypre', 'Chypre') on conflict (id) do update set name=excluded.name;
insert into accord (id, name) values ('citrus', 'Citrus') on conflict (id) do update set name=excluded.name;
insert into accord (id, name) values ('floral', 'Floral') on conflict (id) do update set name=excluded.name;
insert into accord (id, name) values ('fresh_spicy', 'Fresh Spicy') on conflict (id) do update set name=excluded.name;
insert into accord (id, name) values ('fruity', 'Fruity') on conflict (id) do update set name=excluded.name;
insert into accord (id, name) values ('gourmand', 'Gourmand') on conflict (id) do update set name=excluded.name;
insert into accord (id, name) values ('green', 'Green') on conflict (id) do update set name=excluded.name;
insert into accord (id, name) values ('musky', 'Musky') on conflict (id) do update set name=excluded.name;
insert into accord (id, name) values ('oud', 'Oud') on conflict (id) do update set name=excluded.name;
insert into accord (id, name) values ('powdery', 'Powdery') on conflict (id) do update set name=excluded.name;
insert into accord (id, name) values ('smoky', 'Smoky') on conflict (id) do update set name=excluded.name;
insert into accord (id, name) values ('spicy', 'Spicy') on conflict (id) do update set name=excluded.name;
insert into accord (id, name) values ('sweet', 'Sweet') on conflict (id) do update set name=excluded.name;
insert into accord (id, name) values ('tea', 'Tea') on conflict (id) do update set name=excluded.name;
insert into accord (id, name) values ('tobacco', 'Tobacco') on conflict (id) do update set name=excluded.name;
insert into accord (id, name) values ('vanilla', 'Vanilla') on conflict (id) do update set name=excluded.name;
insert into accord (id, name) values ('warm_spicy', 'Warm Spicy') on conflict (id) do update set name=excluded.name;
insert into accord (id, name) values ('woody', 'Woody') on conflict (id) do update set name=excluded.name;

-- fragrances
insert into fragrance (id, brand_id, name, kind, concentration, gender, category, approx_price_usd) values ('al_haramain__detour_noir', 'al_haramain', 'Detour Noir', 'clone', 'Eau de Parfum', 'unisex', 'Amber Vanilla', 35) on conflict (id) do update set brand_id=excluded.brand_id, name=excluded.name, kind=excluded.kind, concentration=excluded.concentration, gender=excluded.gender, category=excluded.category, approx_price_usd=excluded.approx_price_usd;
insert into fragrance (id, brand_id, name, kind, concentration, gender, category, approx_price_usd) values ('armaf__club_de_nuit_blue_iconic', 'armaf', 'Club de Nuit Blue Iconic', 'clone', 'Eau de Parfum', 'masculine', 'Woody Aromatic', 30) on conflict (id) do update set brand_id=excluded.brand_id, name=excluded.name, kind=excluded.kind, concentration=excluded.concentration, gender=excluded.gender, category=excluded.category, approx_price_usd=excluded.approx_price_usd;
insert into fragrance (id, brand_id, name, kind, concentration, gender, category, approx_price_usd) values ('armaf__club_de_nuit_intense_man', 'armaf', 'Club de Nuit Intense Man', 'clone', 'Eau de Toilette', 'masculine', 'Fruity Chypre', 30) on conflict (id) do update set brand_id=excluded.brand_id, name=excluded.name, kind=excluded.kind, concentration=excluded.concentration, gender=excluded.gender, category=excluded.category, approx_price_usd=excluded.approx_price_usd;
insert into fragrance (id, brand_id, name, kind, concentration, gender, category, approx_price_usd) values ('armaf__club_de_nuit_sillage', 'armaf', 'Club de Nuit Sillage', 'clone', 'Eau de Parfum', 'unisex', 'Aromatic Green', 35) on conflict (id) do update set brand_id=excluded.brand_id, name=excluded.name, kind=excluded.kind, concentration=excluded.concentration, gender=excluded.gender, category=excluded.category, approx_price_usd=excluded.approx_price_usd;
insert into fragrance (id, brand_id, name, kind, concentration, gender, category, approx_price_usd) values ('armaf__club_de_nuit_untold', 'armaf', 'Club de Nuit Untold', 'clone', 'Eau de Parfum', 'unisex', 'Amber Woody', 35) on conflict (id) do update set brand_id=excluded.brand_id, name=excluded.name, kind=excluded.kind, concentration=excluded.concentration, gender=excluded.gender, category=excluded.category, approx_price_usd=excluded.approx_price_usd;
insert into fragrance (id, brand_id, name, kind, concentration, gender, category, approx_price_usd) values ('by_kilian__angels_share', 'by_kilian', 'Angels'' Share', 'original', 'Eau de Parfum', 'unisex', 'Amber Gourmand', 290) on conflict (id) do update set brand_id=excluded.brand_id, name=excluded.name, kind=excluded.kind, concentration=excluded.concentration, gender=excluded.gender, category=excluded.category, approx_price_usd=excluded.approx_price_usd;
insert into fragrance (id, brand_id, name, kind, concentration, gender, category, approx_price_usd) values ('chanel__bleu_de_chanel', 'chanel', 'Bleu de Chanel', 'original', 'Eau de Parfum', 'masculine', 'Woody Aromatic', 135) on conflict (id) do update set brand_id=excluded.brand_id, name=excluded.name, kind=excluded.kind, concentration=excluded.concentration, gender=excluded.gender, category=excluded.category, approx_price_usd=excluded.approx_price_usd;
insert into fragrance (id, brand_id, name, kind, concentration, gender, category, approx_price_usd) values ('creed__aventus', 'creed', 'Aventus', 'original', 'Eau de Parfum', 'masculine', 'Fruity Chypre', 340) on conflict (id) do update set brand_id=excluded.brand_id, name=excluded.name, kind=excluded.kind, concentration=excluded.concentration, gender=excluded.gender, category=excluded.category, approx_price_usd=excluded.approx_price_usd;
insert into fragrance (id, brand_id, name, kind, concentration, gender, category, approx_price_usd) values ('creed__silver_mountain_water', 'creed', 'Silver Mountain Water', 'original', 'Eau de Parfum', 'unisex', 'Aromatic Green', 340) on conflict (id) do update set brand_id=excluded.brand_id, name=excluded.name, kind=excluded.kind, concentration=excluded.concentration, gender=excluded.gender, category=excluded.category, approx_price_usd=excluded.approx_price_usd;
insert into fragrance (id, brand_id, name, kind, concentration, gender, category, approx_price_usd) values ('dior__sauvage', 'dior', 'Sauvage', 'original', 'Eau de Toilette', 'masculine', 'Aromatic Fougere', 110) on conflict (id) do update set brand_id=excluded.brand_id, name=excluded.name, kind=excluded.kind, concentration=excluded.concentration, gender=excluded.gender, category=excluded.category, approx_price_usd=excluded.approx_price_usd;
insert into fragrance (id, brand_id, name, kind, concentration, gender, category, approx_price_usd) values ('dior__sauvage_elixir', 'dior', 'Sauvage Elixir', 'original', 'Parfum', 'masculine', 'Amber Spicy', 165) on conflict (id) do update set brand_id=excluded.brand_id, name=excluded.name, kind=excluded.kind, concentration=excluded.concentration, gender=excluded.gender, category=excluded.category, approx_price_usd=excluded.approx_price_usd;
insert into fragrance (id, brand_id, name, kind, concentration, gender, category, approx_price_usd) values ('fragrance_world__barakkat_rouge_540', 'fragrance_world', 'Barakkat Rouge 540', 'clone', 'Eau de Parfum', 'unisex', 'Amber Woody', 25) on conflict (id) do update set brand_id=excluded.brand_id, name=excluded.name, kind=excluded.kind, concentration=excluded.concentration, gender=excluded.gender, category=excluded.category, approx_price_usd=excluded.approx_price_usd;
insert into fragrance (id, brand_id, name, kind, concentration, gender, category, approx_price_usd) values ('initio__oud_for_greatness', 'initio', 'Oud for Greatness', 'original', 'Eau de Parfum', 'unisex', 'Amber Woody', 325) on conflict (id) do update set brand_id=excluded.brand_id, name=excluded.name, kind=excluded.kind, concentration=excluded.concentration, gender=excluded.gender, category=excluded.category, approx_price_usd=excluded.approx_price_usd;
insert into fragrance (id, brand_id, name, kind, concentration, gender, category, approx_price_usd) values ('lattafa__ajwad', 'lattafa', 'Ajwad', 'clone', 'Eau de Parfum', 'unisex', 'Amber', 30) on conflict (id) do update set brand_id=excluded.brand_id, name=excluded.name, kind=excluded.kind, concentration=excluded.concentration, gender=excluded.gender, category=excluded.category, approx_price_usd=excluded.approx_price_usd;
insert into fragrance (id, brand_id, name, kind, concentration, gender, category, approx_price_usd) values ('lattafa__ana_abiyedh_rouge', 'lattafa', 'Ana Abiyedh Rouge', 'clone', 'Eau de Parfum', 'unisex', 'Amber Woody', 30) on conflict (id) do update set brand_id=excluded.brand_id, name=excluded.name, kind=excluded.kind, concentration=excluded.concentration, gender=excluded.gender, category=excluded.category, approx_price_usd=excluded.approx_price_usd;
insert into fragrance (id, brand_id, name, kind, concentration, gender, category, approx_price_usd) values ('lattafa__art_of_arabia_i', 'lattafa', 'Art of Arabia I', 'clone', 'Eau de Parfum', 'unisex', 'Citrus Aromatic', 25) on conflict (id) do update set brand_id=excluded.brand_id, name=excluded.name, kind=excluded.kind, concentration=excluded.concentration, gender=excluded.gender, category=excluded.category, approx_price_usd=excluded.approx_price_usd;
insert into fragrance (id, brand_id, name, kind, concentration, gender, category, approx_price_usd) values ('lattafa__asad', 'lattafa', 'Asad', 'clone', 'Eau de Parfum', 'masculine', 'Amber Spicy', 28) on conflict (id) do update set brand_id=excluded.brand_id, name=excluded.name, kind=excluded.kind, concentration=excluded.concentration, gender=excluded.gender, category=excluded.category, approx_price_usd=excluded.approx_price_usd;
insert into fragrance (id, brand_id, name, kind, concentration, gender, category, approx_price_usd) values ('lattafa__bade_e_al_oud_oud_for_glory', 'lattafa', 'Bade''e Al Oud Oud for Glory', 'clone', 'Eau de Parfum', 'unisex', 'Amber Woody', 28) on conflict (id) do update set brand_id=excluded.brand_id, name=excluded.name, kind=excluded.kind, concentration=excluded.concentration, gender=excluded.gender, category=excluded.category, approx_price_usd=excluded.approx_price_usd;
insert into fragrance (id, brand_id, name, kind, concentration, gender, category, approx_price_usd) values ('lattafa__khamrah', 'lattafa', 'Khamrah', 'clone', 'Eau de Parfum', 'unisex', 'Amber Gourmand', 35) on conflict (id) do update set brand_id=excluded.brand_id, name=excluded.name, kind=excluded.kind, concentration=excluded.concentration, gender=excluded.gender, category=excluded.category, approx_price_usd=excluded.approx_price_usd;
insert into fragrance (id, brand_id, name, kind, concentration, gender, category, approx_price_usd) values ('louis_vuitton__imagination', 'louis_vuitton', 'Imagination', 'original', 'Eau de Parfum', 'masculine', 'Citrus Aromatic', 290) on conflict (id) do update set brand_id=excluded.brand_id, name=excluded.name, kind=excluded.kind, concentration=excluded.concentration, gender=excluded.gender, category=excluded.category, approx_price_usd=excluded.approx_price_usd;
insert into fragrance (id, brand_id, name, kind, concentration, gender, category, approx_price_usd) values ('maison_alhambra__hercules', 'maison_alhambra', 'Hercules', 'clone', 'Eau de Parfum', 'masculine', 'Amber Spicy', 20) on conflict (id) do update set brand_id=excluded.brand_id, name=excluded.name, kind=excluded.kind, concentration=excluded.concentration, gender=excluded.gender, category=excluded.category, approx_price_usd=excluded.approx_price_usd;
insert into fragrance (id, brand_id, name, kind, concentration, gender, category, approx_price_usd) values ('maison_alhambra__jean_lowe_fantasme', 'maison_alhambra', 'Jean Lowe Fantasme', 'clone', 'Eau de Parfum', 'unisex', 'Citrus Aromatic', 22) on conflict (id) do update set brand_id=excluded.brand_id, name=excluded.name, kind=excluded.kind, concentration=excluded.concentration, gender=excluded.gender, category=excluded.category, approx_price_usd=excluded.approx_price_usd;
insert into fragrance (id, brand_id, name, kind, concentration, gender, category, approx_price_usd) values ('maison_alhambra__salvo', 'maison_alhambra', 'Salvo', 'clone', 'Eau de Parfum', 'masculine', 'Aromatic Fougere', 20) on conflict (id) do update set brand_id=excluded.brand_id, name=excluded.name, kind=excluded.kind, concentration=excluded.concentration, gender=excluded.gender, category=excluded.category, approx_price_usd=excluded.approx_price_usd;
insert into fragrance (id, brand_id, name, kind, concentration, gender, category, approx_price_usd) values ('maison_alhambra__yeah', 'maison_alhambra', 'Yeah!', 'clone', 'Eau de Parfum', 'masculine', 'Aromatic Fougere', 18) on conflict (id) do update set brand_id=excluded.brand_id, name=excluded.name, kind=excluded.kind, concentration=excluded.concentration, gender=excluded.gender, category=excluded.category, approx_price_usd=excluded.approx_price_usd;
insert into fragrance (id, brand_id, name, kind, concentration, gender, category, approx_price_usd) values ('maison_francis_kurkdjian__baccarat_rouge_540', 'maison_francis_kurkdjian', 'Baccarat Rouge 540', 'original', 'Eau de Parfum', 'unisex', 'Amber Woody', 325) on conflict (id) do update set brand_id=excluded.brand_id, name=excluded.name, kind=excluded.kind, concentration=excluded.concentration, gender=excluded.gender, category=excluded.category, approx_price_usd=excluded.approx_price_usd;
insert into fragrance (id, brand_id, name, kind, concentration, gender, category, approx_price_usd) values ('maison_francis_kurkdjian__grand_soir', 'maison_francis_kurkdjian', 'Grand Soir', 'original', 'Eau de Parfum', 'unisex', 'Amber', 325) on conflict (id) do update set brand_id=excluded.brand_id, name=excluded.name, kind=excluded.kind, concentration=excluded.concentration, gender=excluded.gender, category=excluded.category, approx_price_usd=excluded.approx_price_usd;
insert into fragrance (id, brand_id, name, kind, concentration, gender, category, approx_price_usd) values ('parfums_de_marly__herod', 'parfums_de_marly', 'Herod', 'original', 'Eau de Parfum', 'masculine', 'Amber Spicy', 355) on conflict (id) do update set brand_id=excluded.brand_id, name=excluded.name, kind=excluded.kind, concentration=excluded.concentration, gender=excluded.gender, category=excluded.category, approx_price_usd=excluded.approx_price_usd;
insert into fragrance (id, brand_id, name, kind, concentration, gender, category, approx_price_usd) values ('parfums_de_marly__layton', 'parfums_de_marly', 'Layton', 'original', 'Eau de Parfum', 'unisex', 'Amber Vanilla', 355) on conflict (id) do update set brand_id=excluded.brand_id, name=excluded.name, kind=excluded.kind, concentration=excluded.concentration, gender=excluded.gender, category=excluded.category, approx_price_usd=excluded.approx_price_usd;
insert into fragrance (id, brand_id, name, kind, concentration, gender, category, approx_price_usd) values ('yves_saint_laurent__y_eau_de_parfum', 'yves_saint_laurent', 'Y Eau de Parfum', 'original', 'Eau de Parfum', 'masculine', 'Aromatic Fougere', 130) on conflict (id) do update set brand_id=excluded.brand_id, name=excluded.name, kind=excluded.kind, concentration=excluded.concentration, gender=excluded.gender, category=excluded.category, approx_price_usd=excluded.approx_price_usd;

-- fragrance notes / accords (clear then insert per fragrance)
delete from fragrance_note where fragrance_id='al_haramain__detour_noir';
insert into fragrance_note (fragrance_id, note_id, layer) values ('al_haramain__detour_noir', 'apple', 'top') on conflict do nothing;
insert into fragrance_note (fragrance_id, note_id, layer) values ('al_haramain__detour_noir', 'bergamot', 'top') on conflict do nothing;
insert into fragrance_note (fragrance_id, note_id, layer) values ('al_haramain__detour_noir', 'lavender', 'top') on conflict do nothing;
insert into fragrance_note (fragrance_id, note_id, layer) values ('al_haramain__detour_noir', 'geranium', 'heart') on conflict do nothing;
insert into fragrance_note (fragrance_id, note_id, layer) values ('al_haramain__detour_noir', 'violet', 'heart') on conflict do nothing;
insert into fragrance_note (fragrance_id, note_id, layer) values ('al_haramain__detour_noir', 'vanilla', 'base') on conflict do nothing;
insert into fragrance_note (fragrance_id, note_id, layer) values ('al_haramain__detour_noir', 'guaiac_wood', 'base') on conflict do nothing;
insert into fragrance_note (fragrance_id, note_id, layer) values ('al_haramain__detour_noir', 'cardamom', 'base') on conflict do nothing;
delete from fragrance_accord where fragrance_id='al_haramain__detour_noir';
insert into fragrance_accord (fragrance_id, accord_id) values ('al_haramain__detour_noir', 'sweet') on conflict do nothing;
insert into fragrance_accord (fragrance_id, accord_id) values ('al_haramain__detour_noir', 'vanilla') on conflict do nothing;
insert into fragrance_accord (fragrance_id, accord_id) values ('al_haramain__detour_noir', 'spicy') on conflict do nothing;
delete from fragrance_note where fragrance_id='armaf__club_de_nuit_blue_iconic';
insert into fragrance_note (fragrance_id, note_id, layer) values ('armaf__club_de_nuit_blue_iconic', 'grapefruit', 'top') on conflict do nothing;
insert into fragrance_note (fragrance_id, note_id, layer) values ('armaf__club_de_nuit_blue_iconic', 'lemon', 'top') on conflict do nothing;
insert into fragrance_note (fragrance_id, note_id, layer) values ('armaf__club_de_nuit_blue_iconic', 'mint', 'top') on conflict do nothing;
insert into fragrance_note (fragrance_id, note_id, layer) values ('armaf__club_de_nuit_blue_iconic', 'pink_pepper', 'top') on conflict do nothing;
insert into fragrance_note (fragrance_id, note_id, layer) values ('armaf__club_de_nuit_blue_iconic', 'ginger', 'heart') on conflict do nothing;
insert into fragrance_note (fragrance_id, note_id, layer) values ('armaf__club_de_nuit_blue_iconic', 'nutmeg', 'heart') on conflict do nothing;
insert into fragrance_note (fragrance_id, note_id, layer) values ('armaf__club_de_nuit_blue_iconic', 'amberwood', 'base') on conflict do nothing;
insert into fragrance_note (fragrance_id, note_id, layer) values ('armaf__club_de_nuit_blue_iconic', 'sandalwood', 'base') on conflict do nothing;
insert into fragrance_note (fragrance_id, note_id, layer) values ('armaf__club_de_nuit_blue_iconic', 'cedar', 'base') on conflict do nothing;
delete from fragrance_accord where fragrance_id='armaf__club_de_nuit_blue_iconic';
insert into fragrance_accord (fragrance_id, accord_id) values ('armaf__club_de_nuit_blue_iconic', 'woody') on conflict do nothing;
insert into fragrance_accord (fragrance_id, accord_id) values ('armaf__club_de_nuit_blue_iconic', 'aromatic') on conflict do nothing;
insert into fragrance_accord (fragrance_id, accord_id) values ('armaf__club_de_nuit_blue_iconic', 'citrus') on conflict do nothing;
delete from fragrance_note where fragrance_id='armaf__club_de_nuit_intense_man';
insert into fragrance_note (fragrance_id, note_id, layer) values ('armaf__club_de_nuit_intense_man', 'pineapple', 'top') on conflict do nothing;
insert into fragrance_note (fragrance_id, note_id, layer) values ('armaf__club_de_nuit_intense_man', 'lemon', 'top') on conflict do nothing;
insert into fragrance_note (fragrance_id, note_id, layer) values ('armaf__club_de_nuit_intense_man', 'blackcurrant', 'top') on conflict do nothing;
insert into fragrance_note (fragrance_id, note_id, layer) values ('armaf__club_de_nuit_intense_man', 'bergamot', 'top') on conflict do nothing;
insert into fragrance_note (fragrance_id, note_id, layer) values ('armaf__club_de_nuit_intense_man', 'birch', 'heart') on conflict do nothing;
insert into fragrance_note (fragrance_id, note_id, layer) values ('armaf__club_de_nuit_intense_man', 'jasmine', 'heart') on conflict do nothing;
insert into fragrance_note (fragrance_id, note_id, layer) values ('armaf__club_de_nuit_intense_man', 'rose', 'heart') on conflict do nothing;
insert into fragrance_note (fragrance_id, note_id, layer) values ('armaf__club_de_nuit_intense_man', 'musk', 'base') on conflict do nothing;
insert into fragrance_note (fragrance_id, note_id, layer) values ('armaf__club_de_nuit_intense_man', 'ambergris', 'base') on conflict do nothing;
insert into fragrance_note (fragrance_id, note_id, layer) values ('armaf__club_de_nuit_intense_man', 'vanilla', 'base') on conflict do nothing;
insert into fragrance_note (fragrance_id, note_id, layer) values ('armaf__club_de_nuit_intense_man', 'sandalwood', 'base') on conflict do nothing;
delete from fragrance_accord where fragrance_id='armaf__club_de_nuit_intense_man';
insert into fragrance_accord (fragrance_id, accord_id) values ('armaf__club_de_nuit_intense_man', 'fruity') on conflict do nothing;
insert into fragrance_accord (fragrance_id, accord_id) values ('armaf__club_de_nuit_intense_man', 'woody') on conflict do nothing;
insert into fragrance_accord (fragrance_id, accord_id) values ('armaf__club_de_nuit_intense_man', 'smoky') on conflict do nothing;
delete from fragrance_note where fragrance_id='armaf__club_de_nuit_sillage';
insert into fragrance_note (fragrance_id, note_id, layer) values ('armaf__club_de_nuit_sillage', 'bergamot', 'top') on conflict do nothing;
insert into fragrance_note (fragrance_id, note_id, layer) values ('armaf__club_de_nuit_sillage', 'mandarin_orange', 'top') on conflict do nothing;
insert into fragrance_note (fragrance_id, note_id, layer) values ('armaf__club_de_nuit_sillage', 'ambroxan', 'top') on conflict do nothing;
insert into fragrance_note (fragrance_id, note_id, layer) values ('armaf__club_de_nuit_sillage', 'green_tea', 'heart') on conflict do nothing;
insert into fragrance_note (fragrance_id, note_id, layer) values ('armaf__club_de_nuit_sillage', 'blackcurrant', 'heart') on conflict do nothing;
insert into fragrance_note (fragrance_id, note_id, layer) values ('armaf__club_de_nuit_sillage', 'musk', 'base') on conflict do nothing;
insert into fragrance_note (fragrance_id, note_id, layer) values ('armaf__club_de_nuit_sillage', 'sandalwood', 'base') on conflict do nothing;
delete from fragrance_accord where fragrance_id='armaf__club_de_nuit_sillage';
insert into fragrance_accord (fragrance_id, accord_id) values ('armaf__club_de_nuit_sillage', 'aromatic') on conflict do nothing;
insert into fragrance_accord (fragrance_id, accord_id) values ('armaf__club_de_nuit_sillage', 'green') on conflict do nothing;
insert into fragrance_accord (fragrance_id, accord_id) values ('armaf__club_de_nuit_sillage', 'citrus') on conflict do nothing;
delete from fragrance_note where fragrance_id='armaf__club_de_nuit_untold';
insert into fragrance_note (fragrance_id, note_id, layer) values ('armaf__club_de_nuit_untold', 'saffron', 'top') on conflict do nothing;
insert into fragrance_note (fragrance_id, note_id, layer) values ('armaf__club_de_nuit_untold', 'jasmine', 'top') on conflict do nothing;
insert into fragrance_note (fragrance_id, note_id, layer) values ('armaf__club_de_nuit_untold', 'amberwood', 'heart') on conflict do nothing;
insert into fragrance_note (fragrance_id, note_id, layer) values ('armaf__club_de_nuit_untold', 'ambergris', 'heart') on conflict do nothing;
insert into fragrance_note (fragrance_id, note_id, layer) values ('armaf__club_de_nuit_untold', 'cedar', 'base') on conflict do nothing;
delete from fragrance_accord where fragrance_id='armaf__club_de_nuit_untold';
insert into fragrance_accord (fragrance_id, accord_id) values ('armaf__club_de_nuit_untold', 'amber') on conflict do nothing;
insert into fragrance_accord (fragrance_id, accord_id) values ('armaf__club_de_nuit_untold', 'woody') on conflict do nothing;
insert into fragrance_accord (fragrance_id, accord_id) values ('armaf__club_de_nuit_untold', 'sweet') on conflict do nothing;
delete from fragrance_note where fragrance_id='by_kilian__angels_share';
insert into fragrance_note (fragrance_id, note_id, layer) values ('by_kilian__angels_share', 'cognac', 'top') on conflict do nothing;
insert into fragrance_note (fragrance_id, note_id, layer) values ('by_kilian__angels_share', 'cinnamon', 'heart') on conflict do nothing;
insert into fragrance_note (fragrance_id, note_id, layer) values ('by_kilian__angels_share', 'tonka_bean', 'heart') on conflict do nothing;
insert into fragrance_note (fragrance_id, note_id, layer) values ('by_kilian__angels_share', 'oak', 'heart') on conflict do nothing;
insert into fragrance_note (fragrance_id, note_id, layer) values ('by_kilian__angels_share', 'vanilla', 'base') on conflict do nothing;
insert into fragrance_note (fragrance_id, note_id, layer) values ('by_kilian__angels_share', 'praline', 'base') on conflict do nothing;
insert into fragrance_note (fragrance_id, note_id, layer) values ('by_kilian__angels_share', 'sandalwood', 'base') on conflict do nothing;
delete from fragrance_accord where fragrance_id='by_kilian__angels_share';
insert into fragrance_accord (fragrance_id, accord_id) values ('by_kilian__angels_share', 'amber') on conflict do nothing;
insert into fragrance_accord (fragrance_id, accord_id) values ('by_kilian__angels_share', 'sweet') on conflict do nothing;
insert into fragrance_accord (fragrance_id, accord_id) values ('by_kilian__angels_share', 'gourmand') on conflict do nothing;
insert into fragrance_accord (fragrance_id, accord_id) values ('by_kilian__angels_share', 'boozy') on conflict do nothing;
delete from fragrance_note where fragrance_id='chanel__bleu_de_chanel';
insert into fragrance_note (fragrance_id, note_id, layer) values ('chanel__bleu_de_chanel', 'grapefruit', 'top') on conflict do nothing;
insert into fragrance_note (fragrance_id, note_id, layer) values ('chanel__bleu_de_chanel', 'lemon', 'top') on conflict do nothing;
insert into fragrance_note (fragrance_id, note_id, layer) values ('chanel__bleu_de_chanel', 'mint', 'top') on conflict do nothing;
insert into fragrance_note (fragrance_id, note_id, layer) values ('chanel__bleu_de_chanel', 'pink_pepper', 'top') on conflict do nothing;
insert into fragrance_note (fragrance_id, note_id, layer) values ('chanel__bleu_de_chanel', 'ginger', 'heart') on conflict do nothing;
insert into fragrance_note (fragrance_id, note_id, layer) values ('chanel__bleu_de_chanel', 'nutmeg', 'heart') on conflict do nothing;
insert into fragrance_note (fragrance_id, note_id, layer) values ('chanel__bleu_de_chanel', 'jasmine', 'heart') on conflict do nothing;
insert into fragrance_note (fragrance_id, note_id, layer) values ('chanel__bleu_de_chanel', 'incense', 'base') on conflict do nothing;
insert into fragrance_note (fragrance_id, note_id, layer) values ('chanel__bleu_de_chanel', 'amberwood', 'base') on conflict do nothing;
insert into fragrance_note (fragrance_id, note_id, layer) values ('chanel__bleu_de_chanel', 'sandalwood', 'base') on conflict do nothing;
insert into fragrance_note (fragrance_id, note_id, layer) values ('chanel__bleu_de_chanel', 'patchouli', 'base') on conflict do nothing;
insert into fragrance_note (fragrance_id, note_id, layer) values ('chanel__bleu_de_chanel', 'cedar', 'base') on conflict do nothing;
delete from fragrance_accord where fragrance_id='chanel__bleu_de_chanel';
insert into fragrance_accord (fragrance_id, accord_id) values ('chanel__bleu_de_chanel', 'woody') on conflict do nothing;
insert into fragrance_accord (fragrance_id, accord_id) values ('chanel__bleu_de_chanel', 'aromatic') on conflict do nothing;
insert into fragrance_accord (fragrance_id, accord_id) values ('chanel__bleu_de_chanel', 'citrus') on conflict do nothing;
insert into fragrance_accord (fragrance_id, accord_id) values ('chanel__bleu_de_chanel', 'amber') on conflict do nothing;
delete from fragrance_note where fragrance_id='creed__aventus';
insert into fragrance_note (fragrance_id, note_id, layer) values ('creed__aventus', 'bergamot', 'top') on conflict do nothing;
insert into fragrance_note (fragrance_id, note_id, layer) values ('creed__aventus', 'blackcurrant', 'top') on conflict do nothing;
insert into fragrance_note (fragrance_id, note_id, layer) values ('creed__aventus', 'apple', 'top') on conflict do nothing;
insert into fragrance_note (fragrance_id, note_id, layer) values ('creed__aventus', 'pineapple', 'top') on conflict do nothing;
insert into fragrance_note (fragrance_id, note_id, layer) values ('creed__aventus', 'lemon', 'top') on conflict do nothing;
insert into fragrance_note (fragrance_id, note_id, layer) values ('creed__aventus', 'birch', 'heart') on conflict do nothing;
insert into fragrance_note (fragrance_id, note_id, layer) values ('creed__aventus', 'patchouli', 'heart') on conflict do nothing;
insert into fragrance_note (fragrance_id, note_id, layer) values ('creed__aventus', 'rose', 'heart') on conflict do nothing;
insert into fragrance_note (fragrance_id, note_id, layer) values ('creed__aventus', 'jasmine', 'heart') on conflict do nothing;
insert into fragrance_note (fragrance_id, note_id, layer) values ('creed__aventus', 'musk', 'base') on conflict do nothing;
insert into fragrance_note (fragrance_id, note_id, layer) values ('creed__aventus', 'oakmoss', 'base') on conflict do nothing;
insert into fragrance_note (fragrance_id, note_id, layer) values ('creed__aventus', 'ambergris', 'base') on conflict do nothing;
insert into fragrance_note (fragrance_id, note_id, layer) values ('creed__aventus', 'vanilla', 'base') on conflict do nothing;
delete from fragrance_accord where fragrance_id='creed__aventus';
insert into fragrance_accord (fragrance_id, accord_id) values ('creed__aventus', 'fruity') on conflict do nothing;
insert into fragrance_accord (fragrance_id, accord_id) values ('creed__aventus', 'woody') on conflict do nothing;
insert into fragrance_accord (fragrance_id, accord_id) values ('creed__aventus', 'smoky') on conflict do nothing;
insert into fragrance_accord (fragrance_id, accord_id) values ('creed__aventus', 'chypre') on conflict do nothing;
delete from fragrance_note where fragrance_id='creed__silver_mountain_water';
insert into fragrance_note (fragrance_id, note_id, layer) values ('creed__silver_mountain_water', 'bergamot', 'top') on conflict do nothing;
insert into fragrance_note (fragrance_id, note_id, layer) values ('creed__silver_mountain_water', 'mandarin_orange', 'top') on conflict do nothing;
insert into fragrance_note (fragrance_id, note_id, layer) values ('creed__silver_mountain_water', 'green_tea', 'heart') on conflict do nothing;
insert into fragrance_note (fragrance_id, note_id, layer) values ('creed__silver_mountain_water', 'blackcurrant', 'heart') on conflict do nothing;
insert into fragrance_note (fragrance_id, note_id, layer) values ('creed__silver_mountain_water', 'musk', 'base') on conflict do nothing;
insert into fragrance_note (fragrance_id, note_id, layer) values ('creed__silver_mountain_water', 'galbanum', 'base') on conflict do nothing;
insert into fragrance_note (fragrance_id, note_id, layer) values ('creed__silver_mountain_water', 'sandalwood', 'base') on conflict do nothing;
insert into fragrance_note (fragrance_id, note_id, layer) values ('creed__silver_mountain_water', 'petitgrain', 'base') on conflict do nothing;
delete from fragrance_accord where fragrance_id='creed__silver_mountain_water';
insert into fragrance_accord (fragrance_id, accord_id) values ('creed__silver_mountain_water', 'aromatic') on conflict do nothing;
insert into fragrance_accord (fragrance_id, accord_id) values ('creed__silver_mountain_water', 'green') on conflict do nothing;
insert into fragrance_accord (fragrance_id, accord_id) values ('creed__silver_mountain_water', 'citrus') on conflict do nothing;
insert into fragrance_accord (fragrance_id, accord_id) values ('creed__silver_mountain_water', 'musky') on conflict do nothing;
delete from fragrance_note where fragrance_id='dior__sauvage';
insert into fragrance_note (fragrance_id, note_id, layer) values ('dior__sauvage', 'bergamot', 'top') on conflict do nothing;
insert into fragrance_note (fragrance_id, note_id, layer) values ('dior__sauvage', 'pepper', 'top') on conflict do nothing;
insert into fragrance_note (fragrance_id, note_id, layer) values ('dior__sauvage', 'lavender', 'heart') on conflict do nothing;
insert into fragrance_note (fragrance_id, note_id, layer) values ('dior__sauvage', 'sichuan_pepper', 'heart') on conflict do nothing;
insert into fragrance_note (fragrance_id, note_id, layer) values ('dior__sauvage', 'star_anise', 'heart') on conflict do nothing;
insert into fragrance_note (fragrance_id, note_id, layer) values ('dior__sauvage', 'ambroxan', 'base') on conflict do nothing;
insert into fragrance_note (fragrance_id, note_id, layer) values ('dior__sauvage', 'cedar', 'base') on conflict do nothing;
delete from fragrance_accord where fragrance_id='dior__sauvage';
insert into fragrance_accord (fragrance_id, accord_id) values ('dior__sauvage', 'aromatic') on conflict do nothing;
insert into fragrance_accord (fragrance_id, accord_id) values ('dior__sauvage', 'fresh_spicy') on conflict do nothing;
insert into fragrance_accord (fragrance_id, accord_id) values ('dior__sauvage', 'woody') on conflict do nothing;
delete from fragrance_note where fragrance_id='dior__sauvage_elixir';
insert into fragrance_note (fragrance_id, note_id, layer) values ('dior__sauvage_elixir', 'cinnamon', 'top') on conflict do nothing;
insert into fragrance_note (fragrance_id, note_id, layer) values ('dior__sauvage_elixir', 'nutmeg', 'top') on conflict do nothing;
insert into fragrance_note (fragrance_id, note_id, layer) values ('dior__sauvage_elixir', 'cardamom', 'top') on conflict do nothing;
insert into fragrance_note (fragrance_id, note_id, layer) values ('dior__sauvage_elixir', 'grapefruit', 'top') on conflict do nothing;
insert into fragrance_note (fragrance_id, note_id, layer) values ('dior__sauvage_elixir', 'lavender', 'top') on conflict do nothing;
insert into fragrance_note (fragrance_id, note_id, layer) values ('dior__sauvage_elixir', 'licorice', 'heart') on conflict do nothing;
insert into fragrance_note (fragrance_id, note_id, layer) values ('dior__sauvage_elixir', 'sage', 'heart') on conflict do nothing;
insert into fragrance_note (fragrance_id, note_id, layer) values ('dior__sauvage_elixir', 'amber', 'base') on conflict do nothing;
insert into fragrance_note (fragrance_id, note_id, layer) values ('dior__sauvage_elixir', 'patchouli', 'base') on conflict do nothing;
insert into fragrance_note (fragrance_id, note_id, layer) values ('dior__sauvage_elixir', 'sandalwood', 'base') on conflict do nothing;
delete from fragrance_accord where fragrance_id='dior__sauvage_elixir';
insert into fragrance_accord (fragrance_id, accord_id) values ('dior__sauvage_elixir', 'amber') on conflict do nothing;
insert into fragrance_accord (fragrance_id, accord_id) values ('dior__sauvage_elixir', 'spicy') on conflict do nothing;
insert into fragrance_accord (fragrance_id, accord_id) values ('dior__sauvage_elixir', 'woody') on conflict do nothing;
insert into fragrance_accord (fragrance_id, accord_id) values ('dior__sauvage_elixir', 'aromatic') on conflict do nothing;
delete from fragrance_note where fragrance_id='fragrance_world__barakkat_rouge_540';
insert into fragrance_note (fragrance_id, note_id, layer) values ('fragrance_world__barakkat_rouge_540', 'saffron', 'top') on conflict do nothing;
insert into fragrance_note (fragrance_id, note_id, layer) values ('fragrance_world__barakkat_rouge_540', 'jasmine', 'top') on conflict do nothing;
insert into fragrance_note (fragrance_id, note_id, layer) values ('fragrance_world__barakkat_rouge_540', 'amberwood', 'heart') on conflict do nothing;
insert into fragrance_note (fragrance_id, note_id, layer) values ('fragrance_world__barakkat_rouge_540', 'ambergris', 'heart') on conflict do nothing;
insert into fragrance_note (fragrance_id, note_id, layer) values ('fragrance_world__barakkat_rouge_540', 'cedar', 'base') on conflict do nothing;
insert into fragrance_note (fragrance_id, note_id, layer) values ('fragrance_world__barakkat_rouge_540', 'fir_resin', 'base') on conflict do nothing;
delete from fragrance_accord where fragrance_id='fragrance_world__barakkat_rouge_540';
insert into fragrance_accord (fragrance_id, accord_id) values ('fragrance_world__barakkat_rouge_540', 'amber') on conflict do nothing;
insert into fragrance_accord (fragrance_id, accord_id) values ('fragrance_world__barakkat_rouge_540', 'woody') on conflict do nothing;
insert into fragrance_accord (fragrance_id, accord_id) values ('fragrance_world__barakkat_rouge_540', 'sweet') on conflict do nothing;
delete from fragrance_note where fragrance_id='initio__oud_for_greatness';
insert into fragrance_note (fragrance_id, note_id, layer) values ('initio__oud_for_greatness', 'saffron', 'top') on conflict do nothing;
insert into fragrance_note (fragrance_id, note_id, layer) values ('initio__oud_for_greatness', 'nutmeg', 'top') on conflict do nothing;
insert into fragrance_note (fragrance_id, note_id, layer) values ('initio__oud_for_greatness', 'lavender', 'top') on conflict do nothing;
insert into fragrance_note (fragrance_id, note_id, layer) values ('initio__oud_for_greatness', 'oud', 'heart') on conflict do nothing;
insert into fragrance_note (fragrance_id, note_id, layer) values ('initio__oud_for_greatness', 'patchouli', 'heart') on conflict do nothing;
insert into fragrance_note (fragrance_id, note_id, layer) values ('initio__oud_for_greatness', 'musk', 'base') on conflict do nothing;
delete from fragrance_accord where fragrance_id='initio__oud_for_greatness';
insert into fragrance_accord (fragrance_id, accord_id) values ('initio__oud_for_greatness', 'woody') on conflict do nothing;
insert into fragrance_accord (fragrance_id, accord_id) values ('initio__oud_for_greatness', 'amber') on conflict do nothing;
insert into fragrance_accord (fragrance_id, accord_id) values ('initio__oud_for_greatness', 'aromatic') on conflict do nothing;
insert into fragrance_accord (fragrance_id, accord_id) values ('initio__oud_for_greatness', 'oud') on conflict do nothing;
delete from fragrance_note where fragrance_id='lattafa__ajwad';
insert into fragrance_note (fragrance_id, note_id, layer) values ('lattafa__ajwad', 'amber', 'top') on conflict do nothing;
insert into fragrance_note (fragrance_id, note_id, layer) values ('lattafa__ajwad', 'benzoin', 'top') on conflict do nothing;
insert into fragrance_note (fragrance_id, note_id, layer) values ('lattafa__ajwad', 'raspberry', 'top') on conflict do nothing;
insert into fragrance_note (fragrance_id, note_id, layer) values ('lattafa__ajwad', 'tonka_bean', 'heart') on conflict do nothing;
insert into fragrance_note (fragrance_id, note_id, layer) values ('lattafa__ajwad', 'vanilla', 'heart') on conflict do nothing;
insert into fragrance_note (fragrance_id, note_id, layer) values ('lattafa__ajwad', 'musk', 'base') on conflict do nothing;
insert into fragrance_note (fragrance_id, note_id, layer) values ('lattafa__ajwad', 'patchouli', 'base') on conflict do nothing;
delete from fragrance_accord where fragrance_id='lattafa__ajwad';
insert into fragrance_accord (fragrance_id, accord_id) values ('lattafa__ajwad', 'amber') on conflict do nothing;
insert into fragrance_accord (fragrance_id, accord_id) values ('lattafa__ajwad', 'sweet') on conflict do nothing;
insert into fragrance_accord (fragrance_id, accord_id) values ('lattafa__ajwad', 'fruity') on conflict do nothing;
delete from fragrance_note where fragrance_id='lattafa__ana_abiyedh_rouge';
insert into fragrance_note (fragrance_id, note_id, layer) values ('lattafa__ana_abiyedh_rouge', 'saffron', 'top') on conflict do nothing;
insert into fragrance_note (fragrance_id, note_id, layer) values ('lattafa__ana_abiyedh_rouge', 'jasmine', 'top') on conflict do nothing;
insert into fragrance_note (fragrance_id, note_id, layer) values ('lattafa__ana_abiyedh_rouge', 'amberwood', 'heart') on conflict do nothing;
insert into fragrance_note (fragrance_id, note_id, layer) values ('lattafa__ana_abiyedh_rouge', 'cedar', 'base') on conflict do nothing;
delete from fragrance_accord where fragrance_id='lattafa__ana_abiyedh_rouge';
insert into fragrance_accord (fragrance_id, accord_id) values ('lattafa__ana_abiyedh_rouge', 'amber') on conflict do nothing;
insert into fragrance_accord (fragrance_id, accord_id) values ('lattafa__ana_abiyedh_rouge', 'woody') on conflict do nothing;
insert into fragrance_accord (fragrance_id, accord_id) values ('lattafa__ana_abiyedh_rouge', 'sweet') on conflict do nothing;
delete from fragrance_note where fragrance_id='lattafa__art_of_arabia_i';
insert into fragrance_note (fragrance_id, note_id, layer) values ('lattafa__art_of_arabia_i', 'bergamot', 'top') on conflict do nothing;
insert into fragrance_note (fragrance_id, note_id, layer) values ('lattafa__art_of_arabia_i', 'orange', 'top') on conflict do nothing;
insert into fragrance_note (fragrance_id, note_id, layer) values ('lattafa__art_of_arabia_i', 'black_tea', 'top') on conflict do nothing;
insert into fragrance_note (fragrance_id, note_id, layer) values ('lattafa__art_of_arabia_i', 'ginger', 'heart') on conflict do nothing;
insert into fragrance_note (fragrance_id, note_id, layer) values ('lattafa__art_of_arabia_i', 'neroli', 'heart') on conflict do nothing;
insert into fragrance_note (fragrance_id, note_id, layer) values ('lattafa__art_of_arabia_i', 'ambroxan', 'base') on conflict do nothing;
insert into fragrance_note (fragrance_id, note_id, layer) values ('lattafa__art_of_arabia_i', 'guaiac_wood', 'base') on conflict do nothing;
delete from fragrance_accord where fragrance_id='lattafa__art_of_arabia_i';
insert into fragrance_accord (fragrance_id, accord_id) values ('lattafa__art_of_arabia_i', 'citrus') on conflict do nothing;
insert into fragrance_accord (fragrance_id, accord_id) values ('lattafa__art_of_arabia_i', 'aromatic') on conflict do nothing;
insert into fragrance_accord (fragrance_id, accord_id) values ('lattafa__art_of_arabia_i', 'tea') on conflict do nothing;
delete from fragrance_note where fragrance_id='lattafa__asad';
insert into fragrance_note (fragrance_id, note_id, layer) values ('lattafa__asad', 'cinnamon', 'top') on conflict do nothing;
insert into fragrance_note (fragrance_id, note_id, layer) values ('lattafa__asad', 'nutmeg', 'top') on conflict do nothing;
insert into fragrance_note (fragrance_id, note_id, layer) values ('lattafa__asad', 'cardamom', 'top') on conflict do nothing;
insert into fragrance_note (fragrance_id, note_id, layer) values ('lattafa__asad', 'grapefruit', 'top') on conflict do nothing;
insert into fragrance_note (fragrance_id, note_id, layer) values ('lattafa__asad', 'lavender', 'top') on conflict do nothing;
insert into fragrance_note (fragrance_id, note_id, layer) values ('lattafa__asad', 'licorice', 'heart') on conflict do nothing;
insert into fragrance_note (fragrance_id, note_id, layer) values ('lattafa__asad', 'sage', 'heart') on conflict do nothing;
insert into fragrance_note (fragrance_id, note_id, layer) values ('lattafa__asad', 'amber', 'base') on conflict do nothing;
insert into fragrance_note (fragrance_id, note_id, layer) values ('lattafa__asad', 'patchouli', 'base') on conflict do nothing;
insert into fragrance_note (fragrance_id, note_id, layer) values ('lattafa__asad', 'sandalwood', 'base') on conflict do nothing;
delete from fragrance_accord where fragrance_id='lattafa__asad';
insert into fragrance_accord (fragrance_id, accord_id) values ('lattafa__asad', 'amber') on conflict do nothing;
insert into fragrance_accord (fragrance_id, accord_id) values ('lattafa__asad', 'spicy') on conflict do nothing;
insert into fragrance_accord (fragrance_id, accord_id) values ('lattafa__asad', 'woody') on conflict do nothing;
delete from fragrance_note where fragrance_id='lattafa__bade_e_al_oud_oud_for_glory';
insert into fragrance_note (fragrance_id, note_id, layer) values ('lattafa__bade_e_al_oud_oud_for_glory', 'saffron', 'top') on conflict do nothing;
insert into fragrance_note (fragrance_id, note_id, layer) values ('lattafa__bade_e_al_oud_oud_for_glory', 'nutmeg', 'top') on conflict do nothing;
insert into fragrance_note (fragrance_id, note_id, layer) values ('lattafa__bade_e_al_oud_oud_for_glory', 'lavender', 'top') on conflict do nothing;
insert into fragrance_note (fragrance_id, note_id, layer) values ('lattafa__bade_e_al_oud_oud_for_glory', 'oud', 'heart') on conflict do nothing;
insert into fragrance_note (fragrance_id, note_id, layer) values ('lattafa__bade_e_al_oud_oud_for_glory', 'patchouli', 'heart') on conflict do nothing;
insert into fragrance_note (fragrance_id, note_id, layer) values ('lattafa__bade_e_al_oud_oud_for_glory', 'oud', 'base') on conflict do nothing;
insert into fragrance_note (fragrance_id, note_id, layer) values ('lattafa__bade_e_al_oud_oud_for_glory', 'patchouli', 'base') on conflict do nothing;
insert into fragrance_note (fragrance_id, note_id, layer) values ('lattafa__bade_e_al_oud_oud_for_glory', 'musk', 'base') on conflict do nothing;
delete from fragrance_accord where fragrance_id='lattafa__bade_e_al_oud_oud_for_glory';
insert into fragrance_accord (fragrance_id, accord_id) values ('lattafa__bade_e_al_oud_oud_for_glory', 'woody') on conflict do nothing;
insert into fragrance_accord (fragrance_id, accord_id) values ('lattafa__bade_e_al_oud_oud_for_glory', 'amber') on conflict do nothing;
insert into fragrance_accord (fragrance_id, accord_id) values ('lattafa__bade_e_al_oud_oud_for_glory', 'oud') on conflict do nothing;
delete from fragrance_note where fragrance_id='lattafa__khamrah';
insert into fragrance_note (fragrance_id, note_id, layer) values ('lattafa__khamrah', 'dates', 'top') on conflict do nothing;
insert into fragrance_note (fragrance_id, note_id, layer) values ('lattafa__khamrah', 'cinnamon', 'top') on conflict do nothing;
insert into fragrance_note (fragrance_id, note_id, layer) values ('lattafa__khamrah', 'nutmeg', 'top') on conflict do nothing;
insert into fragrance_note (fragrance_id, note_id, layer) values ('lattafa__khamrah', 'bergamot', 'top') on conflict do nothing;
insert into fragrance_note (fragrance_id, note_id, layer) values ('lattafa__khamrah', 'praline', 'heart') on conflict do nothing;
insert into fragrance_note (fragrance_id, note_id, layer) values ('lattafa__khamrah', 'tuberose', 'heart') on conflict do nothing;
insert into fragrance_note (fragrance_id, note_id, layer) values ('lattafa__khamrah', 'mahogany', 'heart') on conflict do nothing;
insert into fragrance_note (fragrance_id, note_id, layer) values ('lattafa__khamrah', 'vanilla', 'base') on conflict do nothing;
insert into fragrance_note (fragrance_id, note_id, layer) values ('lattafa__khamrah', 'tonka_bean', 'base') on conflict do nothing;
insert into fragrance_note (fragrance_id, note_id, layer) values ('lattafa__khamrah', 'benzoin', 'base') on conflict do nothing;
insert into fragrance_note (fragrance_id, note_id, layer) values ('lattafa__khamrah', 'amber', 'base') on conflict do nothing;
insert into fragrance_note (fragrance_id, note_id, layer) values ('lattafa__khamrah', 'myrrh', 'base') on conflict do nothing;
delete from fragrance_accord where fragrance_id='lattafa__khamrah';
insert into fragrance_accord (fragrance_id, accord_id) values ('lattafa__khamrah', 'amber') on conflict do nothing;
insert into fragrance_accord (fragrance_id, accord_id) values ('lattafa__khamrah', 'sweet') on conflict do nothing;
insert into fragrance_accord (fragrance_id, accord_id) values ('lattafa__khamrah', 'gourmand') on conflict do nothing;
insert into fragrance_accord (fragrance_id, accord_id) values ('lattafa__khamrah', 'spicy') on conflict do nothing;
delete from fragrance_note where fragrance_id='louis_vuitton__imagination';
insert into fragrance_note (fragrance_id, note_id, layer) values ('louis_vuitton__imagination', 'bergamot', 'top') on conflict do nothing;
insert into fragrance_note (fragrance_id, note_id, layer) values ('louis_vuitton__imagination', 'orange', 'top') on conflict do nothing;
insert into fragrance_note (fragrance_id, note_id, layer) values ('louis_vuitton__imagination', 'black_tea', 'top') on conflict do nothing;
insert into fragrance_note (fragrance_id, note_id, layer) values ('louis_vuitton__imagination', 'ginger', 'heart') on conflict do nothing;
insert into fragrance_note (fragrance_id, note_id, layer) values ('louis_vuitton__imagination', 'cinnamon', 'heart') on conflict do nothing;
insert into fragrance_note (fragrance_id, note_id, layer) values ('louis_vuitton__imagination', 'neroli', 'heart') on conflict do nothing;
insert into fragrance_note (fragrance_id, note_id, layer) values ('louis_vuitton__imagination', 'ambroxan', 'base') on conflict do nothing;
insert into fragrance_note (fragrance_id, note_id, layer) values ('louis_vuitton__imagination', 'guaiac_wood', 'base') on conflict do nothing;
delete from fragrance_accord where fragrance_id='louis_vuitton__imagination';
insert into fragrance_accord (fragrance_id, accord_id) values ('louis_vuitton__imagination', 'citrus') on conflict do nothing;
insert into fragrance_accord (fragrance_id, accord_id) values ('louis_vuitton__imagination', 'aromatic') on conflict do nothing;
insert into fragrance_accord (fragrance_id, accord_id) values ('louis_vuitton__imagination', 'tea') on conflict do nothing;
insert into fragrance_accord (fragrance_id, accord_id) values ('louis_vuitton__imagination', 'woody') on conflict do nothing;
delete from fragrance_note where fragrance_id='maison_alhambra__hercules';
insert into fragrance_note (fragrance_id, note_id, layer) values ('maison_alhambra__hercules', 'cinnamon', 'top') on conflict do nothing;
insert into fragrance_note (fragrance_id, note_id, layer) values ('maison_alhambra__hercules', 'pepper', 'top') on conflict do nothing;
insert into fragrance_note (fragrance_id, note_id, layer) values ('maison_alhambra__hercules', 'tobacco_leaf', 'heart') on conflict do nothing;
insert into fragrance_note (fragrance_id, note_id, layer) values ('maison_alhambra__hercules', 'incense', 'heart') on conflict do nothing;
insert into fragrance_note (fragrance_id, note_id, layer) values ('maison_alhambra__hercules', 'vanilla', 'base') on conflict do nothing;
insert into fragrance_note (fragrance_id, note_id, layer) values ('maison_alhambra__hercules', 'vetiver', 'base') on conflict do nothing;
insert into fragrance_note (fragrance_id, note_id, layer) values ('maison_alhambra__hercules', 'cedar', 'base') on conflict do nothing;
delete from fragrance_accord where fragrance_id='maison_alhambra__hercules';
insert into fragrance_accord (fragrance_id, accord_id) values ('maison_alhambra__hercules', 'amber') on conflict do nothing;
insert into fragrance_accord (fragrance_id, accord_id) values ('maison_alhambra__hercules', 'spicy') on conflict do nothing;
insert into fragrance_accord (fragrance_id, accord_id) values ('maison_alhambra__hercules', 'tobacco') on conflict do nothing;
insert into fragrance_accord (fragrance_id, accord_id) values ('maison_alhambra__hercules', 'sweet') on conflict do nothing;
delete from fragrance_note where fragrance_id='maison_alhambra__jean_lowe_fantasme';
insert into fragrance_note (fragrance_id, note_id, layer) values ('maison_alhambra__jean_lowe_fantasme', 'citron', 'top') on conflict do nothing;
insert into fragrance_note (fragrance_id, note_id, layer) values ('maison_alhambra__jean_lowe_fantasme', 'bergamot', 'top') on conflict do nothing;
insert into fragrance_note (fragrance_id, note_id, layer) values ('maison_alhambra__jean_lowe_fantasme', 'orange', 'top') on conflict do nothing;
insert into fragrance_note (fragrance_id, note_id, layer) values ('maison_alhambra__jean_lowe_fantasme', 'neroli', 'heart') on conflict do nothing;
insert into fragrance_note (fragrance_id, note_id, layer) values ('maison_alhambra__jean_lowe_fantasme', 'cinnamon', 'heart') on conflict do nothing;
insert into fragrance_note (fragrance_id, note_id, layer) values ('maison_alhambra__jean_lowe_fantasme', 'ginger', 'heart') on conflict do nothing;
insert into fragrance_note (fragrance_id, note_id, layer) values ('maison_alhambra__jean_lowe_fantasme', 'black_tea', 'base') on conflict do nothing;
insert into fragrance_note (fragrance_id, note_id, layer) values ('maison_alhambra__jean_lowe_fantasme', 'ambroxan', 'base') on conflict do nothing;
insert into fragrance_note (fragrance_id, note_id, layer) values ('maison_alhambra__jean_lowe_fantasme', 'guaiac_wood', 'base') on conflict do nothing;
insert into fragrance_note (fragrance_id, note_id, layer) values ('maison_alhambra__jean_lowe_fantasme', 'olibanum', 'base') on conflict do nothing;
delete from fragrance_accord where fragrance_id='maison_alhambra__jean_lowe_fantasme';
insert into fragrance_accord (fragrance_id, accord_id) values ('maison_alhambra__jean_lowe_fantasme', 'citrus') on conflict do nothing;
insert into fragrance_accord (fragrance_id, accord_id) values ('maison_alhambra__jean_lowe_fantasme', 'aromatic') on conflict do nothing;
insert into fragrance_accord (fragrance_id, accord_id) values ('maison_alhambra__jean_lowe_fantasme', 'tea') on conflict do nothing;
insert into fragrance_accord (fragrance_id, accord_id) values ('maison_alhambra__jean_lowe_fantasme', 'woody') on conflict do nothing;
delete from fragrance_note where fragrance_id='maison_alhambra__salvo';
insert into fragrance_note (fragrance_id, note_id, layer) values ('maison_alhambra__salvo', 'bergamot', 'top') on conflict do nothing;
insert into fragrance_note (fragrance_id, note_id, layer) values ('maison_alhambra__salvo', 'pepper', 'top') on conflict do nothing;
insert into fragrance_note (fragrance_id, note_id, layer) values ('maison_alhambra__salvo', 'lavender', 'heart') on conflict do nothing;
insert into fragrance_note (fragrance_id, note_id, layer) values ('maison_alhambra__salvo', 'sichuan_pepper', 'heart') on conflict do nothing;
insert into fragrance_note (fragrance_id, note_id, layer) values ('maison_alhambra__salvo', 'ambroxan', 'base') on conflict do nothing;
insert into fragrance_note (fragrance_id, note_id, layer) values ('maison_alhambra__salvo', 'cedar', 'base') on conflict do nothing;
delete from fragrance_accord where fragrance_id='maison_alhambra__salvo';
insert into fragrance_accord (fragrance_id, accord_id) values ('maison_alhambra__salvo', 'aromatic') on conflict do nothing;
insert into fragrance_accord (fragrance_id, accord_id) values ('maison_alhambra__salvo', 'fresh_spicy') on conflict do nothing;
insert into fragrance_accord (fragrance_id, accord_id) values ('maison_alhambra__salvo', 'woody') on conflict do nothing;
delete from fragrance_note where fragrance_id='maison_alhambra__yeah';
insert into fragrance_note (fragrance_id, note_id, layer) values ('maison_alhambra__yeah', 'apple', 'top') on conflict do nothing;
insert into fragrance_note (fragrance_id, note_id, layer) values ('maison_alhambra__yeah', 'ginger', 'top') on conflict do nothing;
insert into fragrance_note (fragrance_id, note_id, layer) values ('maison_alhambra__yeah', 'bergamot', 'top') on conflict do nothing;
insert into fragrance_note (fragrance_id, note_id, layer) values ('maison_alhambra__yeah', 'sage', 'heart') on conflict do nothing;
insert into fragrance_note (fragrance_id, note_id, layer) values ('maison_alhambra__yeah', 'geranium', 'heart') on conflict do nothing;
insert into fragrance_note (fragrance_id, note_id, layer) values ('maison_alhambra__yeah', 'amberwood', 'base') on conflict do nothing;
insert into fragrance_note (fragrance_id, note_id, layer) values ('maison_alhambra__yeah', 'tonka_bean', 'base') on conflict do nothing;
insert into fragrance_note (fragrance_id, note_id, layer) values ('maison_alhambra__yeah', 'cedar', 'base') on conflict do nothing;
delete from fragrance_accord where fragrance_id='maison_alhambra__yeah';
insert into fragrance_accord (fragrance_id, accord_id) values ('maison_alhambra__yeah', 'aromatic') on conflict do nothing;
insert into fragrance_accord (fragrance_id, accord_id) values ('maison_alhambra__yeah', 'woody') on conflict do nothing;
insert into fragrance_accord (fragrance_id, accord_id) values ('maison_alhambra__yeah', 'fresh_spicy') on conflict do nothing;
delete from fragrance_note where fragrance_id='maison_francis_kurkdjian__baccarat_rouge_540';
insert into fragrance_note (fragrance_id, note_id, layer) values ('maison_francis_kurkdjian__baccarat_rouge_540', 'saffron', 'top') on conflict do nothing;
insert into fragrance_note (fragrance_id, note_id, layer) values ('maison_francis_kurkdjian__baccarat_rouge_540', 'jasmine', 'top') on conflict do nothing;
insert into fragrance_note (fragrance_id, note_id, layer) values ('maison_francis_kurkdjian__baccarat_rouge_540', 'amberwood', 'heart') on conflict do nothing;
insert into fragrance_note (fragrance_id, note_id, layer) values ('maison_francis_kurkdjian__baccarat_rouge_540', 'ambergris', 'heart') on conflict do nothing;
insert into fragrance_note (fragrance_id, note_id, layer) values ('maison_francis_kurkdjian__baccarat_rouge_540', 'fir_resin', 'base') on conflict do nothing;
insert into fragrance_note (fragrance_id, note_id, layer) values ('maison_francis_kurkdjian__baccarat_rouge_540', 'cedar', 'base') on conflict do nothing;
delete from fragrance_accord where fragrance_id='maison_francis_kurkdjian__baccarat_rouge_540';
insert into fragrance_accord (fragrance_id, accord_id) values ('maison_francis_kurkdjian__baccarat_rouge_540', 'amber') on conflict do nothing;
insert into fragrance_accord (fragrance_id, accord_id) values ('maison_francis_kurkdjian__baccarat_rouge_540', 'woody') on conflict do nothing;
insert into fragrance_accord (fragrance_id, accord_id) values ('maison_francis_kurkdjian__baccarat_rouge_540', 'sweet') on conflict do nothing;
insert into fragrance_accord (fragrance_id, accord_id) values ('maison_francis_kurkdjian__baccarat_rouge_540', 'floral') on conflict do nothing;
delete from fragrance_note where fragrance_id='maison_francis_kurkdjian__grand_soir';
insert into fragrance_note (fragrance_id, note_id, layer) values ('maison_francis_kurkdjian__grand_soir', 'amber', 'top') on conflict do nothing;
insert into fragrance_note (fragrance_id, note_id, layer) values ('maison_francis_kurkdjian__grand_soir', 'benzoin', 'top') on conflict do nothing;
insert into fragrance_note (fragrance_id, note_id, layer) values ('maison_francis_kurkdjian__grand_soir', 'tonka_bean', 'heart') on conflict do nothing;
insert into fragrance_note (fragrance_id, note_id, layer) values ('maison_francis_kurkdjian__grand_soir', 'vanilla', 'heart') on conflict do nothing;
insert into fragrance_note (fragrance_id, note_id, layer) values ('maison_francis_kurkdjian__grand_soir', 'labdanum', 'base') on conflict do nothing;
insert into fragrance_note (fragrance_id, note_id, layer) values ('maison_francis_kurkdjian__grand_soir', 'cistus', 'base') on conflict do nothing;
delete from fragrance_accord where fragrance_id='maison_francis_kurkdjian__grand_soir';
insert into fragrance_accord (fragrance_id, accord_id) values ('maison_francis_kurkdjian__grand_soir', 'amber') on conflict do nothing;
insert into fragrance_accord (fragrance_id, accord_id) values ('maison_francis_kurkdjian__grand_soir', 'sweet') on conflict do nothing;
insert into fragrance_accord (fragrance_id, accord_id) values ('maison_francis_kurkdjian__grand_soir', 'warm_spicy') on conflict do nothing;
insert into fragrance_accord (fragrance_id, accord_id) values ('maison_francis_kurkdjian__grand_soir', 'vanilla') on conflict do nothing;
delete from fragrance_note where fragrance_id='parfums_de_marly__herod';
insert into fragrance_note (fragrance_id, note_id, layer) values ('parfums_de_marly__herod', 'cinnamon', 'top') on conflict do nothing;
insert into fragrance_note (fragrance_id, note_id, layer) values ('parfums_de_marly__herod', 'pepper', 'top') on conflict do nothing;
insert into fragrance_note (fragrance_id, note_id, layer) values ('parfums_de_marly__herod', 'tobacco_leaf', 'heart') on conflict do nothing;
insert into fragrance_note (fragrance_id, note_id, layer) values ('parfums_de_marly__herod', 'incense', 'heart') on conflict do nothing;
insert into fragrance_note (fragrance_id, note_id, layer) values ('parfums_de_marly__herod', 'labdanum', 'heart') on conflict do nothing;
insert into fragrance_note (fragrance_id, note_id, layer) values ('parfums_de_marly__herod', 'vanilla', 'base') on conflict do nothing;
insert into fragrance_note (fragrance_id, note_id, layer) values ('parfums_de_marly__herod', 'vetiver', 'base') on conflict do nothing;
insert into fragrance_note (fragrance_id, note_id, layer) values ('parfums_de_marly__herod', 'olibanum', 'base') on conflict do nothing;
insert into fragrance_note (fragrance_id, note_id, layer) values ('parfums_de_marly__herod', 'cedar', 'base') on conflict do nothing;
insert into fragrance_note (fragrance_id, note_id, layer) values ('parfums_de_marly__herod', 'musk', 'base') on conflict do nothing;
delete from fragrance_accord where fragrance_id='parfums_de_marly__herod';
insert into fragrance_accord (fragrance_id, accord_id) values ('parfums_de_marly__herod', 'amber') on conflict do nothing;
insert into fragrance_accord (fragrance_id, accord_id) values ('parfums_de_marly__herod', 'spicy') on conflict do nothing;
insert into fragrance_accord (fragrance_id, accord_id) values ('parfums_de_marly__herod', 'tobacco') on conflict do nothing;
insert into fragrance_accord (fragrance_id, accord_id) values ('parfums_de_marly__herod', 'sweet') on conflict do nothing;
delete from fragrance_note where fragrance_id='parfums_de_marly__layton';
insert into fragrance_note (fragrance_id, note_id, layer) values ('parfums_de_marly__layton', 'apple', 'top') on conflict do nothing;
insert into fragrance_note (fragrance_id, note_id, layer) values ('parfums_de_marly__layton', 'bergamot', 'top') on conflict do nothing;
insert into fragrance_note (fragrance_id, note_id, layer) values ('parfums_de_marly__layton', 'mandarin_orange', 'top') on conflict do nothing;
insert into fragrance_note (fragrance_id, note_id, layer) values ('parfums_de_marly__layton', 'lavender', 'top') on conflict do nothing;
insert into fragrance_note (fragrance_id, note_id, layer) values ('parfums_de_marly__layton', 'geranium', 'heart') on conflict do nothing;
insert into fragrance_note (fragrance_id, note_id, layer) values ('parfums_de_marly__layton', 'violet', 'heart') on conflict do nothing;
insert into fragrance_note (fragrance_id, note_id, layer) values ('parfums_de_marly__layton', 'jasmine', 'heart') on conflict do nothing;
insert into fragrance_note (fragrance_id, note_id, layer) values ('parfums_de_marly__layton', 'vanilla', 'base') on conflict do nothing;
insert into fragrance_note (fragrance_id, note_id, layer) values ('parfums_de_marly__layton', 'cardamom', 'base') on conflict do nothing;
insert into fragrance_note (fragrance_id, note_id, layer) values ('parfums_de_marly__layton', 'sandalwood', 'base') on conflict do nothing;
insert into fragrance_note (fragrance_id, note_id, layer) values ('parfums_de_marly__layton', 'guaiac_wood', 'base') on conflict do nothing;
insert into fragrance_note (fragrance_id, note_id, layer) values ('parfums_de_marly__layton', 'pepper', 'base') on conflict do nothing;
insert into fragrance_note (fragrance_id, note_id, layer) values ('parfums_de_marly__layton', 'cinnamon', 'base') on conflict do nothing;
delete from fragrance_accord where fragrance_id='parfums_de_marly__layton';
insert into fragrance_accord (fragrance_id, accord_id) values ('parfums_de_marly__layton', 'sweet') on conflict do nothing;
insert into fragrance_accord (fragrance_id, accord_id) values ('parfums_de_marly__layton', 'vanilla') on conflict do nothing;
insert into fragrance_accord (fragrance_id, accord_id) values ('parfums_de_marly__layton', 'spicy') on conflict do nothing;
insert into fragrance_accord (fragrance_id, accord_id) values ('parfums_de_marly__layton', 'powdery') on conflict do nothing;
delete from fragrance_note where fragrance_id='yves_saint_laurent__y_eau_de_parfum';
insert into fragrance_note (fragrance_id, note_id, layer) values ('yves_saint_laurent__y_eau_de_parfum', 'apple', 'top') on conflict do nothing;
insert into fragrance_note (fragrance_id, note_id, layer) values ('yves_saint_laurent__y_eau_de_parfum', 'ginger', 'top') on conflict do nothing;
insert into fragrance_note (fragrance_id, note_id, layer) values ('yves_saint_laurent__y_eau_de_parfum', 'bergamot', 'top') on conflict do nothing;
insert into fragrance_note (fragrance_id, note_id, layer) values ('yves_saint_laurent__y_eau_de_parfum', 'sage', 'heart') on conflict do nothing;
insert into fragrance_note (fragrance_id, note_id, layer) values ('yves_saint_laurent__y_eau_de_parfum', 'juniper', 'heart') on conflict do nothing;
insert into fragrance_note (fragrance_id, note_id, layer) values ('yves_saint_laurent__y_eau_de_parfum', 'geranium', 'heart') on conflict do nothing;
insert into fragrance_note (fragrance_id, note_id, layer) values ('yves_saint_laurent__y_eau_de_parfum', 'amberwood', 'base') on conflict do nothing;
insert into fragrance_note (fragrance_id, note_id, layer) values ('yves_saint_laurent__y_eau_de_parfum', 'tonka_bean', 'base') on conflict do nothing;
insert into fragrance_note (fragrance_id, note_id, layer) values ('yves_saint_laurent__y_eau_de_parfum', 'cedar', 'base') on conflict do nothing;
insert into fragrance_note (fragrance_id, note_id, layer) values ('yves_saint_laurent__y_eau_de_parfum', 'vetiver', 'base') on conflict do nothing;
delete from fragrance_accord where fragrance_id='yves_saint_laurent__y_eau_de_parfum';
insert into fragrance_accord (fragrance_id, accord_id) values ('yves_saint_laurent__y_eau_de_parfum', 'aromatic') on conflict do nothing;
insert into fragrance_accord (fragrance_id, accord_id) values ('yves_saint_laurent__y_eau_de_parfum', 'woody') on conflict do nothing;
insert into fragrance_accord (fragrance_id, accord_id) values ('yves_saint_laurent__y_eau_de_parfum', 'fresh_spicy') on conflict do nothing;

-- sources
insert into source (id, name, type, trust_weight, url) values ('alharamain_blog', 'Al Haramain Perfumes', null, 1.0, 'https://alharamainperfume.online/blogs/news/is-haramain-detour-noir-really-similar-to-parfums-de-marly-layton') on conflict (id) do update set name=excluded.name, trust_weight=excluded.trust_weight;
insert into source (id, name, type, trust_weight, url) values ('aromaauthority', 'Aroma Authority', null, 1.0, 'https://aromaauthority.com/alternatives/creed-silver-mountain-water-vs-armaf-club-de-nuit-sillage/') on conflict (id) do update set name=excluded.name, trust_weight=excluded.trust_weight;
insert into source (id, name, type, trust_weight, url) values ('fragrance_dupes', 'Fragrance-Dupes.com', null, 1.0, 'https://fragrance-dupes.com/catalogue/lattafa-badee-al-oud-oud-for-glory-initio-oud-for-greatness-clone/') on conflict (id) do update set name=excluded.name, trust_weight=excluded.trust_weight;
insert into source (id, name, type, trust_weight, url) values ('fragrantica', 'Fragrantica', null, 0.6, 'https://www.fragrantica.com/perfume/Lattafa-Perfumes/Bade-e-Al-Oud-Oud-for-Glory-64948.html') on conflict (id) do update set name=excluded.name, trust_weight=excluded.trust_weight;
insert into source (id, name, type, trust_weight, url) values ('fragrantica_board', 'Fragrantica Community Board', null, 1.0, 'https://www.fragrantica.com/board/viewtopic.php?id=214149') on conflict (id) do update set name=excluded.name, trust_weight=excluded.trust_weight;
insert into source (id, name, type, trust_weight, url) values ('perfumegyaan', 'Perfume Gyaan', null, 0.6, 'https://perfumegyaan.com/product/maison-alhambra-yeah-eau-de-parfum-100ml-and-decants/') on conflict (id) do update set name=excluded.name, trust_weight=excluded.trust_weight;
insert into source (id, name, type, trust_weight, url) values ('perfumesblend', 'Perfumes Blend', null, 1.0, 'https://perfumesblend.com/en/Lattafa-Asad/p867242029') on conflict (id) do update set name=excluded.name, trust_weight=excluded.trust_weight;
insert into source (id, name, type, trust_weight, url) values ('scentclones', 'ScentClones', null, 1.0, 'https://scentclones.com/best-initio-dupes/') on conflict (id) do update set name=excluded.name, trust_weight=excluded.trust_weight;
insert into source (id, name, type, trust_weight, url) values ('scentgourmand', 'ScentGourmand', null, 1.0, 'http://www.scentgourmand.com/battle-between-10-maison-francis-kurkdjian-baccarat-rouge-540-dupes-which-wins/') on conflict (id) do update set name=excluded.name, trust_weight=excluded.trust_weight;
insert into source (id, name, type, trust_weight, url) values ('scentmetric', 'ScentMetric', null, 1.0, 'https://www.scentmetric.com/cologne/mfk-grand-soir/') on conflict (id) do update set name=excluded.name, trust_weight=excluded.trust_weight;
insert into source (id, name, type, trust_weight, url) values ('yahoo_shopping', 'Yahoo Shopping', null, 0.6, 'https://shopping.yahoo.com/beauty/fragrance/articles/tested-every-baccarat-rouge-540-171356665.html') on conflict (id) do update set name=excluded.name, trust_weight=excluded.trust_weight;

-- clone relationships
insert into clone_relationship (id, original_fragrance_id, clone_fragrance_id, category, match_opening, match_heart, match_drydown, match_overall, longevity_comparison, projection_comparison, sillage_comparison, original_approx_usd, clone_approx_usd, confidence, why_it_matches, differences, verified) values ('rel__initio__oud_for_greatness__x__lattafa__bade_e_al_oud_oud_for_glory', 'initio__oud_for_greatness', 'lattafa__bade_e_al_oud_oud_for_glory', 'Amber Woody', 90, 92, 92, 92, 'stronger', 'stronger', 'stronger', 325, 28, 94, array['Captures 90-95% of the Oud for Greatness drydown per broad community consensus', 'Same saffron-nutmeg-lavender to oud-patchouli progression', 'One of the most legendary and universally recommended clones ever made']::text[], array['Reads a bit more synthetic and ''cheaper'' up close', 'Sweeter and heavier than the original''s cleaner oud']::text[], true) on conflict (id) do update set category=excluded.category, match_overall=excluded.match_overall, confidence=excluded.confidence, verified=excluded.verified;
insert into clone_relationship (id, original_fragrance_id, clone_fragrance_id, category, match_opening, match_heart, match_drydown, match_overall, longevity_comparison, projection_comparison, sillage_comparison, original_approx_usd, clone_approx_usd, confidence, why_it_matches, differences, verified) values ('rel__creed__aventus__x__armaf__club_de_nuit_intense_man', 'creed__aventus', 'armaf__club_de_nuit_intense_man', 'Fruity Chypre', 80, 88, 88, 88, 'stronger', 'stronger', 'stronger', 340, 30, 93, array['Shares the fruity pineapple-blackcurrant opening and smoky birch DNA that defines Aventus', 'Widely considered the single most-recommended Aventus alternative across fragrance communities', 'Drydown lands on a comparable clean musk-ambergris base']::text[], array['Opening lemon reads sharper and more synthetic than Aventus''s natural pineapple', 'Drydown is more linear and slightly sweeter, with less ambergris nuance']::text[], true) on conflict (id) do update set category=excluded.category, match_overall=excluded.match_overall, confidence=excluded.confidence, verified=excluded.verified;
insert into clone_relationship (id, original_fragrance_id, clone_fragrance_id, category, match_opening, match_heart, match_drydown, match_overall, longevity_comparison, projection_comparison, sillage_comparison, original_approx_usd, clone_approx_usd, confidence, why_it_matches, differences, verified) values ('rel__maison_francis_kurkdjian__baccarat_rouge_540__x__fragrance_world__barakkat_rouge_540', 'maison_francis_kurkdjian__baccarat_rouge_540', 'fragrance_world__barakkat_rouge_540', 'Amber Woody', 88, 88, 86, 88, 'similar', 'similar', 'similar', 325, 25, 90, array['Reproduces the signature saffron-amberwood-jasmine accord almost 1:1', 'One of the most blind-tested BR540 alternatives, frequently fooling owners of the original', 'Sweet amber drydown tracks the original closely']::text[], array['Slightly more synthetic in the amberwood base', 'Marginally shorter sweet-linen phase in the drydown']::text[], true) on conflict (id) do update set category=excluded.category, match_overall=excluded.match_overall, confidence=excluded.confidence, verified=excluded.verified;
insert into clone_relationship (id, original_fragrance_id, clone_fragrance_id, category, match_opening, match_heart, match_drydown, match_overall, longevity_comparison, projection_comparison, sillage_comparison, original_approx_usd, clone_approx_usd, confidence, why_it_matches, differences, verified) values ('rel__by_kilian__angels_share__x__lattafa__khamrah', 'by_kilian__angels_share', 'lattafa__khamrah', 'Amber Gourmand', 74, 76, 75, 75, 'stronger', 'stronger', 'stronger', 290, 35, 88, array['Universally positioned as the affordable Angels'' Share alternative', 'Shares the warm cinnamon-praline-vanilla gourmand DNA', 'Outlasts the original, still projecting at hour 12']::text[], array['Not a 1:1 match (~70-75%); leans heavier on dates and thick amber', 'Angels'' Share has a more distinct cognac-oak angle Khamrah softens']::text[], true) on conflict (id) do update set category=excluded.category, match_overall=excluded.match_overall, confidence=excluded.confidence, verified=excluded.verified;
insert into clone_relationship (id, original_fragrance_id, clone_fragrance_id, category, match_opening, match_heart, match_drydown, match_overall, longevity_comparison, projection_comparison, sillage_comparison, original_approx_usd, clone_approx_usd, confidence, why_it_matches, differences, verified) values ('rel__dior__sauvage__x__maison_alhambra__salvo', 'dior__sauvage', 'maison_alhambra__salvo', 'Aromatic Fougere', 88, 88, 86, 88, 'similar', 'similar', 'similar', 110, 20, 88, array['Reproduces the bergamot-pepper-ambroxan spine of Sauvage EDT at ~90%', 'Widely regarded as one of the best UAE Sauvage clones currently made', 'Same fresh-spicy aromatic profile']::text[], array['Reads more soapy/clean; original is spicier and more detailed', 'Needs maceration to fully bloom']::text[], true) on conflict (id) do update set category=excluded.category, match_overall=excluded.match_overall, confidence=excluded.confidence, verified=excluded.verified;
insert into clone_relationship (id, original_fragrance_id, clone_fragrance_id, category, match_opening, match_heart, match_drydown, match_overall, longevity_comparison, projection_comparison, sillage_comparison, original_approx_usd, clone_approx_usd, confidence, why_it_matches, differences, verified) values ('rel__louis_vuitton__imagination__x__maison_alhambra__jean_lowe_fantasme', 'louis_vuitton__imagination', 'maison_alhambra__jean_lowe_fantasme', 'Citrus Aromatic', 90, 90, 88, 90, 'similar', 'similar', 'similar', 290, 22, 88, array['Reviewer-rated ~93% match to Imagination and called the cheapest and best clone', 'Note pyramid mirrors Imagination''s citrus/neroli/black-tea/ambroxan build', 'Bright, ice-cold citrus freshie profile matches the original']::text[], array['Very slightly less polished in the ambroxan-woody base', 'Newer release with more variable batch consistency']::text[], true) on conflict (id) do update set category=excluded.category, match_overall=excluded.match_overall, confidence=excluded.confidence, verified=excluded.verified;
insert into clone_relationship (id, original_fragrance_id, clone_fragrance_id, category, match_opening, match_heart, match_drydown, match_overall, longevity_comparison, projection_comparison, sillage_comparison, original_approx_usd, clone_approx_usd, confidence, why_it_matches, differences, verified) values ('rel__maison_francis_kurkdjian__baccarat_rouge_540__x__lattafa__ana_abiyedh_rouge', 'maison_francis_kurkdjian__baccarat_rouge_540', 'lattafa__ana_abiyedh_rouge', 'Amber Woody', 85, 85, 84, 85, 'similar', 'weaker', 'weaker', 325, 30, 88, array['Captures the saffron-amber sweetness at the core of BR540', 'Repeatedly named a blind-test-passing, long-lasting BR540 alternative under $60', 'Same broad amber-woody-floral family']::text[], array['Projection and sillage fall short of the original''s radiance', 'Amber base is a touch flatter']::text[], true) on conflict (id) do update set category=excluded.category, match_overall=excluded.match_overall, confidence=excluded.confidence, verified=excluded.verified;
insert into clone_relationship (id, original_fragrance_id, clone_fragrance_id, category, match_opening, match_heart, match_drydown, match_overall, longevity_comparison, projection_comparison, sillage_comparison, original_approx_usd, clone_approx_usd, confidence, why_it_matches, differences, verified) values ('rel__parfums_de_marly__layton__x__al_haramain__detour_noir', 'parfums_de_marly__layton', 'al_haramain__detour_noir', 'Amber Vanilla', 86, 87, 87, 87, 'weaker', 'similar', 'weaker', 355, 35, 88, array['Follows Layton''s apple-lavender opening into a creamy vanilla-cardamom drydown', 'Community consensus places it around 85-90% of Layton', 'Often called a ''baby Layton'' for its faithful sweet-spicy character']::text[], array['Lacks some of Layton''s richness and spice depth', 'Softer presence after the first few hours']::text[], true) on conflict (id) do update set category=excluded.category, match_overall=excluded.match_overall, confidence=excluded.confidence, verified=excluded.verified;
insert into clone_relationship (id, original_fragrance_id, clone_fragrance_id, category, match_opening, match_heart, match_drydown, match_overall, longevity_comparison, projection_comparison, sillage_comparison, original_approx_usd, clone_approx_usd, confidence, why_it_matches, differences, verified) values ('rel__yves_saint_laurent__y_eau_de_parfum__x__maison_alhambra__yeah', 'yves_saint_laurent__y_eau_de_parfum', 'maison_alhambra__yeah', 'Aromatic Fougere', 89, 89, 88, 89, 'stronger', 'stronger', 'similar', 130, 18, 88, array['Nearly indistinguishable from YSL Y EDP in blind comparisons', 'Same apple-sage-amberwood fresh fougere structure', 'Strong community consensus that Y EDP is easily replicated']::text[], array['Base is a touch less refined than the original', 'Batch longevity can be modest for the price point']::text[], true) on conflict (id) do update set category=excluded.category, match_overall=excluded.match_overall, confidence=excluded.confidence, verified=excluded.verified;
insert into clone_relationship (id, original_fragrance_id, clone_fragrance_id, category, match_opening, match_heart, match_drydown, match_overall, longevity_comparison, projection_comparison, sillage_comparison, original_approx_usd, clone_approx_usd, confidence, why_it_matches, differences, verified) values ('rel__parfums_de_marly__herod__x__maison_alhambra__hercules', 'parfums_de_marly__herod', 'maison_alhambra__hercules', 'Amber Spicy', 86, 87, 87, 87, 'similar', 'similar', 'similar', 355, 20, 86, array['Reproduces Herod''s sweet cinnamon-tobacco-vanilla accord at ~85-90%', 'Consistently named the best Herod clone in community reviews', 'Long-lasting (8+ hours) like the original']::text[], array['Slightly cherry-like sweetness up top versus Herod', 'Line has faced availability issues due to copyright pressure']::text[], true) on conflict (id) do update set category=excluded.category, match_overall=excluded.match_overall, confidence=excluded.confidence, verified=excluded.verified;
insert into clone_relationship (id, original_fragrance_id, clone_fragrance_id, category, match_opening, match_heart, match_drydown, match_overall, longevity_comparison, projection_comparison, sillage_comparison, original_approx_usd, clone_approx_usd, confidence, why_it_matches, differences, verified) values ('rel__dior__sauvage_elixir__x__lattafa__asad', 'dior__sauvage_elixir', 'lattafa__asad', 'Amber Spicy', 85, 85, 84, 85, 'similar', 'stronger', 'similar', 165, 28, 85, array['Captures the dark, spicy, woody intensity of Sauvage Elixir at ~85%', 'Same cinnamon-cardamom-lavender to amber-patchouli structure', 'Strong-projecting budget alternative frequently paired with Elixir']::text[], array['Slightly less refined spice blend than the original', 'Sweeter and more synthetic in the base']::text[], true) on conflict (id) do update set category=excluded.category, match_overall=excluded.match_overall, confidence=excluded.confidence, verified=excluded.verified;
insert into clone_relationship (id, original_fragrance_id, clone_fragrance_id, category, match_opening, match_heart, match_drydown, match_overall, longevity_comparison, projection_comparison, sillage_comparison, original_approx_usd, clone_approx_usd, confidence, why_it_matches, differences, verified) values ('rel__maison_francis_kurkdjian__baccarat_rouge_540__x__armaf__club_de_nuit_untold', 'maison_francis_kurkdjian__baccarat_rouge_540', 'armaf__club_de_nuit_untold', 'Amber Woody', 84, 85, 83, 84, 'similar', 'similar', 'similar', 325, 35, 85, array['Recreates the saffron-jasmine-amberwood spine of BR540', 'Regularly featured in head-to-head BR540 dupe comparisons', 'Strong value performer in the amber-woody space']::text[], array['Sweetness is slightly heavier than the original', 'Less of the airy, diffusive quality BR540 is known for']::text[], true) on conflict (id) do update set category=excluded.category, match_overall=excluded.match_overall, confidence=excluded.confidence, verified=excluded.verified;
insert into clone_relationship (id, original_fragrance_id, clone_fragrance_id, category, match_opening, match_heart, match_drydown, match_overall, longevity_comparison, projection_comparison, sillage_comparison, original_approx_usd, clone_approx_usd, confidence, why_it_matches, differences, verified) values ('rel__creed__silver_mountain_water__x__armaf__club_de_nuit_sillage', 'creed__silver_mountain_water', 'armaf__club_de_nuit_sillage', 'Aromatic Green', 82, 84, 82, 83, 'weaker', 'stronger', 'stronger', 340, 35, 84, array['Bears a striking resemblance to Silver Mountain Water at under 1/10 the price', 'Same fresh citrus-green-musk character', 'One of the most-cited SMW alternatives']::text[], array['Opening ambroxan is harsher and more metallic than SMW', 'Lacks the prominent tea note; shorter longevity (4-5h)']::text[], true) on conflict (id) do update set category=excluded.category, match_overall=excluded.match_overall, confidence=excluded.confidence, verified=excluded.verified;
insert into clone_relationship (id, original_fragrance_id, clone_fragrance_id, category, match_opening, match_heart, match_drydown, match_overall, longevity_comparison, projection_comparison, sillage_comparison, original_approx_usd, clone_approx_usd, confidence, why_it_matches, differences, verified) values ('rel__chanel__bleu_de_chanel__x__armaf__club_de_nuit_blue_iconic', 'chanel__bleu_de_chanel', 'armaf__club_de_nuit_blue_iconic', 'Woody Aromatic', 82, 82, 80, 82, 'weaker', 'similar', 'similar', 135, 30, 83, array['Marketed and widely accepted as the Bleu de Chanel alternative', 'Same citrus-woody-amber DNA at roughly a quarter of the price', 'Comparable smooth woody drydown']::text[], array['Brighter and simpler than BdC EDP', 'Becomes a skin scent after 3-4 hours; weaker longevity']::text[], true) on conflict (id) do update set category=excluded.category, match_overall=excluded.match_overall, confidence=excluded.confidence, verified=excluded.verified;
insert into clone_relationship (id, original_fragrance_id, clone_fragrance_id, category, match_opening, match_heart, match_drydown, match_overall, longevity_comparison, projection_comparison, sillage_comparison, original_approx_usd, clone_approx_usd, confidence, why_it_matches, differences, verified) values ('rel__louis_vuitton__imagination__x__lattafa__art_of_arabia_i', 'louis_vuitton__imagination', 'lattafa__art_of_arabia_i', 'Citrus Aromatic', 82, 82, 80, 82, 'weaker', 'similar', 'similar', 290, 25, 83, array['Delivers Imagination''s bright citrus-tea signature at a fraction of the price', 'Frequently cited as the go-to affordable Imagination alternative', 'Same citrus-tea-ginger structure']::text[], array['Citrus can read with a slight chemical edge versus the original', 'Less refined and shorter-lived than Imagination']::text[], true) on conflict (id) do update set category=excluded.category, match_overall=excluded.match_overall, confidence=excluded.confidence, verified=excluded.verified;
insert into clone_relationship (id, original_fragrance_id, clone_fragrance_id, category, match_opening, match_heart, match_drydown, match_overall, longevity_comparison, projection_comparison, sillage_comparison, original_approx_usd, clone_approx_usd, confidence, why_it_matches, differences, verified) values ('rel__maison_francis_kurkdjian__grand_soir__x__lattafa__ajwad', 'maison_francis_kurkdjian__grand_soir', 'lattafa__ajwad', 'Amber', 82, 83, 82, 82, 'similar', 'similar', 'similar', 325, 30, 82, array['Highest-rated Grand Soir clone in aggregated community scoring', 'Same warm amber-tonka-vanilla comfort accord', 'Saves ~92% versus the original''s retail price']::text[], array['A fruity raspberry facet not present in Grand Soir', 'Slightly less resinous depth in the base']::text[], true) on conflict (id) do update set category=excluded.category, match_overall=excluded.match_overall, confidence=excluded.confidence, verified=excluded.verified;

-- clone claims (provenance)
insert into clone_claim (relationship_id, source_id, url, confidence, reported_similarity, note, trust_weight) values ('rel__initio__oud_for_greatness__x__lattafa__bade_e_al_oud_oud_for_glory', 'fragrance_dupes', 'https://fragrance-dupes.com/catalogue/lattafa-badee-al-oud-oud-for-glory-initio-oud-for-greatness-clone/', 94, 92, 'Cataloged explicitly as the Oud for Greatness clone.', 1.0) on conflict (relationship_id, source_id, url) do update set confidence=excluded.confidence, reported_similarity=excluded.reported_similarity;
insert into clone_claim (relationship_id, source_id, url, confidence, reported_similarity, note, trust_weight) values ('rel__initio__oud_for_greatness__x__lattafa__bade_e_al_oud_oud_for_glory', 'fragrantica', 'https://www.fragrantica.com/perfume/Lattafa-Perfumes/Bade-e-Al-Oud-Oud-for-Glory-64948.html', 93, 92, 'Community reviews confirm the Oud for Greatness relationship', 0.6) on conflict (relationship_id, source_id, url) do update set confidence=excluded.confidence, reported_similarity=excluded.reported_similarity;
insert into clone_claim (relationship_id, source_id, url, confidence, reported_similarity, note, trust_weight) values ('rel__initio__oud_for_greatness__x__lattafa__bade_e_al_oud_oud_for_glory', 'scentclones', 'https://scentclones.com/best-initio-dupes/', 92, 92, 'Top-ranked Initio dupe; captures 90-95% of drydown.', 1.0) on conflict (relationship_id, source_id, url) do update set confidence=excluded.confidence, reported_similarity=excluded.reported_similarity;
insert into clone_claim (relationship_id, source_id, url, confidence, reported_similarity, note, trust_weight) values ('rel__creed__aventus__x__armaf__club_de_nuit_intense_man', 'fragrantica_board', 'https://www.fragrantica.com/board/viewtopic.php?id=214149', 93, 88, 'Long-running community thread: CDNIM is the consensus closest Aventus clone.', 1.0) on conflict (relationship_id, source_id, url) do update set confidence=excluded.confidence, reported_similarity=excluded.reported_similarity;
insert into clone_claim (relationship_id, source_id, url, confidence, reported_similarity, note, trust_weight) values ('rel__creed__aventus__x__armaf__club_de_nuit_intense_man', 'scentclones', 'https://scentclones.com/smells-like-creed-aventus-best-clones-dupes/', 90, 88, 'Ranked best overall Aventus dupe for 2026 batches.', 1.0) on conflict (relationship_id, source_id, url) do update set confidence=excluded.confidence, reported_similarity=excluded.reported_similarity;
insert into clone_claim (relationship_id, source_id, url, confidence, reported_similarity, note, trust_weight) values ('rel__maison_francis_kurkdjian__baccarat_rouge_540__x__fragrance_world__barakkat_rouge_540', 'scentclones', 'https://scentclones.com/best-baccarat-rouge-540-dupes-clones-ranked/', 90, 88, 'Ranked/tested among top BR540 clones.', 1.0) on conflict (relationship_id, source_id, url) do update set confidence=excluded.confidence, reported_similarity=excluded.reported_similarity;
insert into clone_claim (relationship_id, source_id, url, confidence, reported_similarity, note, trust_weight) values ('rel__maison_francis_kurkdjian__baccarat_rouge_540__x__fragrance_world__barakkat_rouge_540', 'yahoo_shopping', 'https://shopping.yahoo.com/beauty/fragrance/articles/tested-every-baccarat-rouge-540-171356665.html', 89, 88, 'Tested every BR540 dupe; Barakkat cited as top value', 0.6) on conflict (relationship_id, source_id, url) do update set confidence=excluded.confidence, reported_similarity=excluded.reported_similarity;
insert into clone_claim (relationship_id, source_id, url, confidence, reported_similarity, note, trust_weight) values ('rel__maison_francis_kurkdjian__baccarat_rouge_540__x__fragrance_world__barakkat_rouge_540', 'scentgourmand', 'http://www.scentgourmand.com/battle-between-10-maison-francis-kurkdjian-baccarat-rouge-540-dupes-which-wins/', 88, 87, 'Side-by-side battle of 10+ BR540 dupes.', 1.0) on conflict (relationship_id, source_id, url) do update set confidence=excluded.confidence, reported_similarity=excluded.reported_similarity;
insert into clone_claim (relationship_id, source_id, url, confidence, reported_similarity, note, trust_weight) values ('rel__by_kilian__angels_share__x__lattafa__khamrah', 'scentclones', 'https://scentclones.com/khamrah-vs-angels-share/', 88, 74, 'Blind side-by-side; strong consensus dupe, ~70-75% match.', 1.0) on conflict (relationship_id, source_id, url) do update set confidence=excluded.confidence, reported_similarity=excluded.reported_similarity;
insert into clone_claim (relationship_id, source_id, url, confidence, reported_similarity, note, trust_weight) values ('rel__dior__sauvage__x__maison_alhambra__salvo', 'fragrantica', 'https://www.fragrantica.com/perfume/Maison-Alhambra/Salvo-93538.html', 88, 90, 'Commonly listed Sauvage EDT clone; ~90% similarity.', 1.0) on conflict (relationship_id, source_id, url) do update set confidence=excluded.confidence, reported_similarity=excluded.reported_similarity;
insert into clone_claim (relationship_id, source_id, url, confidence, reported_similarity, note, trust_weight) values ('rel__louis_vuitton__imagination__x__maison_alhambra__jean_lowe_fantasme', 'fragrantica', 'https://www.fragrantica.com/perfume/Maison-Alhambra/Jean-Lowe-Fantasme-128506.html', 88, 90, 'Reviewer gave 93% similarity, ''cheapest and best clone''.', 1.0) on conflict (relationship_id, source_id, url) do update set confidence=excluded.confidence, reported_similarity=excluded.reported_similarity;
insert into clone_claim (relationship_id, source_id, url, confidence, reported_similarity, note, trust_weight) values ('rel__maison_francis_kurkdjian__baccarat_rouge_540__x__lattafa__ana_abiyedh_rouge', 'scentclones', 'https://scentclones.com/best-baccarat-rouge-540-dupes-clones-ranked/', 88, 85, 'Listed among best BR540 dupes, blind-tested, under $60.', 1.0) on conflict (relationship_id, source_id, url) do update set confidence=excluded.confidence, reported_similarity=excluded.reported_similarity;
insert into clone_claim (relationship_id, source_id, url, confidence, reported_similarity, note, trust_weight) values ('rel__maison_francis_kurkdjian__baccarat_rouge_540__x__lattafa__ana_abiyedh_rouge', 'scentgourmand', 'http://www.scentgourmand.com/battle-between-10-maison-francis-kurkdjian-baccarat-rouge-540-dupes-which-wins/', 86, 85, 'Included in 10+ BR540 dupe battle', 0.6) on conflict (relationship_id, source_id, url) do update set confidence=excluded.confidence, reported_similarity=excluded.reported_similarity;
insert into clone_claim (relationship_id, source_id, url, confidence, reported_similarity, note, trust_weight) values ('rel__parfums_de_marly__layton__x__al_haramain__detour_noir', 'alharamain_blog', 'https://alharamainperfume.online/blogs/news/is-haramain-detour-noir-really-similar-to-parfums-de-marly-layton', 88, 88, 'Detailed Layton vs Detour Noir comparison, ~90%.', 1.0) on conflict (relationship_id, source_id, url) do update set confidence=excluded.confidence, reported_similarity=excluded.reported_similarity;
insert into clone_claim (relationship_id, source_id, url, confidence, reported_similarity, note, trust_weight) values ('rel__parfums_de_marly__layton__x__al_haramain__detour_noir', 'fragrantica_board', 'https://www.fragrantica.com/board/viewtopic.php?id=290690', 85, 85, 'Community ''Layton DUPE'' thread; owners put it ~85%.', 1.0) on conflict (relationship_id, source_id, url) do update set confidence=excluded.confidence, reported_similarity=excluded.reported_similarity;
insert into clone_claim (relationship_id, source_id, url, confidence, reported_similarity, note, trust_weight) values ('rel__yves_saint_laurent__y_eau_de_parfum__x__maison_alhambra__yeah', 'fragrantica', 'https://www.fragrantica.com/perfume/Maison-Alhambra/Yeah-83061.html', 88, 89, 'Widely reviewed as an extremely close Y EDP clone.', 1.0) on conflict (relationship_id, source_id, url) do update set confidence=excluded.confidence, reported_similarity=excluded.reported_similarity;
insert into clone_claim (relationship_id, source_id, url, confidence, reported_similarity, note, trust_weight) values ('rel__yves_saint_laurent__y_eau_de_parfum__x__maison_alhambra__yeah', 'perfumegyaan', 'https://perfumegyaan.com/product/maison-alhambra-yeah-eau-de-parfum-100ml-and-decants/', 88, 89, 'Listed explicitly as YSL Y EDP clone', 0.6) on conflict (relationship_id, source_id, url) do update set confidence=excluded.confidence, reported_similarity=excluded.reported_similarity;
insert into clone_claim (relationship_id, source_id, url, confidence, reported_similarity, note, trust_weight) values ('rel__parfums_de_marly__herod__x__maison_alhambra__hercules', 'fragrantica_board', 'https://www.fragrantica.com/board/viewtopic.php?id=304020', 86, 87, 'PDM Herod clone thread; Hercules ~85-90%.', 1.0) on conflict (relationship_id, source_id, url) do update set confidence=excluded.confidence, reported_similarity=excluded.reported_similarity;
insert into clone_claim (relationship_id, source_id, url, confidence, reported_similarity, note, trust_weight) values ('rel__dior__sauvage_elixir__x__lattafa__asad', 'perfumesblend', 'https://perfumesblend.com/en/Lattafa-Asad/p867242029', 85, 85, 'Listed and reviewed as the Sauvage Elixir clone.', 1.0) on conflict (relationship_id, source_id, url) do update set confidence=excluded.confidence, reported_similarity=excluded.reported_similarity;
insert into clone_claim (relationship_id, source_id, url, confidence, reported_similarity, note, trust_weight) values ('rel__maison_francis_kurkdjian__baccarat_rouge_540__x__armaf__club_de_nuit_untold', 'scentgourmand', 'http://www.scentgourmand.com/battle-between-10-maison-francis-kurkdjian-baccarat-rouge-540-dupes-which-wins/', 85, 84, 'Included in multi-dupe BR540 comparison (Armaf Untold).', 1.0) on conflict (relationship_id, source_id, url) do update set confidence=excluded.confidence, reported_similarity=excluded.reported_similarity;
insert into clone_claim (relationship_id, source_id, url, confidence, reported_similarity, note, trust_weight) values ('rel__creed__silver_mountain_water__x__armaf__club_de_nuit_sillage', 'aromaauthority', 'https://aromaauthority.com/alternatives/creed-silver-mountain-water-vs-armaf-club-de-nuit-sillage/', 84, 82, 'Direct SMW vs CDN Sillage comparison; ~82% accurate.', 1.0) on conflict (relationship_id, source_id, url) do update set confidence=excluded.confidence, reported_similarity=excluded.reported_similarity;
insert into clone_claim (relationship_id, source_id, url, confidence, reported_similarity, note, trust_weight) values ('rel__chanel__bleu_de_chanel__x__armaf__club_de_nuit_blue_iconic', 'fragrantica', 'https://www.fragrantica.com/perfume/Armaf/Club-de-Nuit-Blue-Iconic-78475.html', 83, 82, 'Marketed/reviewed as the Bleu de Chanel dupe.', 1.0) on conflict (relationship_id, source_id, url) do update set confidence=excluded.confidence, reported_similarity=excluded.reported_similarity;
insert into clone_claim (relationship_id, source_id, url, confidence, reported_similarity, note, trust_weight) values ('rel__louis_vuitton__imagination__x__lattafa__art_of_arabia_i', 'fragrantica', 'https://www.fragrantica.com/perfume/Maison-Alhambra/Jean-Lowe-Fantasme-128506.html', 83, 82, 'Reviewer compares Imagination clones incl. Art of Arabia I.', 1.0) on conflict (relationship_id, source_id, url) do update set confidence=excluded.confidence, reported_similarity=excluded.reported_similarity;
insert into clone_claim (relationship_id, source_id, url, confidence, reported_similarity, note, trust_weight) values ('rel__maison_francis_kurkdjian__grand_soir__x__lattafa__ajwad', 'scentmetric', 'https://www.scentmetric.com/cologne/mfk-grand-soir/', 82, 82, 'Top-scoring Grand Soir clone (82/100) in aggregated ratings.', 1.0) on conflict (relationship_id, source_id, url) do update set confidence=excluded.confidence, reported_similarity=excluded.reported_similarity;

commit;
